GeneSymbol	ENTREZ.ID	log2FC_ileum	pvalue_ileum
A2M	2	0.591863480551582	0.00421579038232023
A4GALT	53947	0.596060048570653	0.029103002468654
ABCA1	19	0.588256348426259	0.0016486811060877
ABCA12	26154	2.72905067376041	1.67474714500552e-05
ABCB11	8647	-1.48304371369251	7.72192441309675e-05
ABCC9	10060	1.04633461499996	0.000356257166672363
ABHD6	57406	-0.668075490710049	0.000300021933138396
ACOXL	55289	1.49677060766308	6.45564028432906e-06
ACSL1	2180	1.66449031909747	2.07726951035037e-09
ACSL4	2182	1.36896563082026	5.20655897258156e-07
ACTA2	59	0.587999097187227	0.0111343914627052
ACTBP9	69	0.592539326465912	0.0108417505441817
ACTL8	81569	-1.15407350346191	0.00568610379740747
ACTN1	87	0.592036720004679	4.66289932048266e-07
ADAM12	8038	1.24942583004174	0.00362409051257946
ADAMTS1	9510	1.00944837071278	0.000148465115999315
ADAMTS12	81792	1.68856363184885	1.03844839396384e-06
ADAMTS14	140766	0.66549762236154	0.0056436953200698
ADAMTS2	9509	2.10503955409359	1.34592718784235e-08
ADAMTS3	9508	0.949424523424661	0.00136031258575901
ADAMTS4	9507	2.72433270838669	5.61178128989732e-09
ADAMTS5	11096	0.63465668707663	0.0187502971403711
ADAMTS6	11174	0.787911759660206	0.010393879417683
ADAMTS7	11173	0.767693610469478	0.00291524488040318
ADAMTS9	56999	1.32091423920895	1.95796894717844e-07
ADAMTSL4	54507	0.79779227228979	0.000732896288008728
ADCYAP1	116	2.38969858732418	4.3291422732715e-06
ADH4	127	0.749789780710329	0.0162630334885833
ADM	133	0.717227266818504	0.0119822557207886
ADORA1	134	0.98326340822021	0.000322174808997402
ADRA1B	147	-0.984663928497601	0.00048863200543752
AEBP1	165	0.839242184649533	0.0013664493379053
AFF2	2334	-1.87304502289388	4.05171212144868e-05
AGAP2-AS1	100130776	0.700258281876811	0.000125465579375547
AGAP4	119016	-0.626235892140408	0.0397026645173352
AGTRAP	57085	0.689517486790264	1.6508650352777e-06
AICDA	57379	-2.1199861742394	0.000281546657229299
AIF1	199	0.65639714964421	0.000485113838948324
AIFM3	150209	-1.14141371131803	0.000186289673499238
AJAP1	55966	1.05409416740911	0.00100102671146381
AK8	158067	-1.02377574401905	0.00332564220809812
AKR1C1	1645	0.828239164849674	0.0204906345610911
ALDH1A2	8854	1.64698919709133	0.000782383338620888
ALDH1L1	10840	0.845933123577129	0.00669248473563965
ALDH1L2	160428	1.15342520268168	3.69269892986645e-06
ALOX12B	242	-1.20166139150614	8.51780969647267e-06
ALOX15B	247	0.995064232936875	0.00828476452285684
ALPL	249	1.73634595015392	7.31813210162176e-06
AMPD1	270	0.729559437801497	0.0234449384313399
AMPH	273	0.902152316519046	0.000691226652475963
ANGPT1	284	0.782356383686851	0.00237326411864222
ANGPT2	285	1.14562423386283	7.53255129500088e-05
ANGPTL2	23452	1.58005621043699	4.30960078227809e-06
ANK1	286	0.896765865059022	0.00967986591227143
ANO2	57101	1.06439289686772	7.00613044297736e-06
ANXA1	301	0.641190034750117	0.023507369058931
ANXA10	11199	7.35147598002765	4.32991617639045e-22
ANXA5	308	0.700571649827277	4.23317031403934e-06
AOX1	316	1.88918244373862	2.4343650522158e-06
AP3B2	8120	-0.765710405039798	0.000652078854232347
APCDD1	147495	0.881012251816829	6.17857565020978e-05
APLN	8862	1.30747771182435	1.34394105275134e-05
APLNR	187	0.777715006037428	0.000881441539984272
APOBEC3A	200315	3.29514206024885	3.21307902874683e-10
APOBEC3H	164668	0.602791633803481	0.0347497113907385
APOH	350	-0.700202572333804	0.0371252430469778
APOL1	8542	0.730235792182542	0.00100875881325101
APOL3	80833	0.823557729537395	0.000246627979415282
APOL4	80832	1.16636206147274	2.1855826408696e-06
APOLD1	81575	0.671768431130875	0.00249876642001567
AQP10	89872	2.27892243474736	4.45612818819543e-06
AQP8	343	-1.43708686902912	0.03904491102896
AQP9	366	6.79899083405596	8.19300319619274e-24
ARAP3	64411	0.613669962741857	8.87673468106996e-06
ARHGAP23	57636	0.687526293285628	0.00252861741752521
ARHGAP28	79822	0.600271071972219	0.0108054581548916
ARHGAP29	9411	0.682439321835396	0.0013097737848057
ARHGEF15	22899	0.756961277656049	0.000257748792665828
ARNTL2	56938	0.665579887820197	0.00363943160105965
ARSI	340075	0.633732950970431	0.0194179421162661
ART3	419	1.36789797020693	0.000117864490657441
ARTN	9048	-2.32614269236973	1.16027315561907e-08
ASGR1	432	0.699766403833187	0.000712747910316843
ASGR2	433	0.939897634872843	0.00296178348810147
ASPG	374569	-1.33605741481151	0.000569315041499075
ASPHD1	253982	0.730540948604349	0.000491148024410721
ASXL3	80816	-1.0138043214668	2.36820454492339e-06
ATP13A4	84239	-0.635929060288462	0.0207039202731689
AVIL	10677	-0.601681976225313	0.000649349038247751
B3GALT1	8708	-2.51116383008588	3.6455298894257e-08
B3GNT9	84752	0.703222459222243	0.000146726038140363
B9D1	27077	0.864373755386278	3.48087455389699e-08
BACE2	25825	0.878885560819709	3.49314994130975e-06
BACH2	60468	-1.07913373284577	0.00844350590070133
BAMBI	25805	-0.677807617817448	0.00377922395185338
BATF2	116071	0.580753782027204	0.0105207940760766
BATF3	55509	0.829907354803574	0.00605600062457908
BCAN	63827	-2.2015207264795	2.50331839028791e-05
BCAS4	55653	-1.03446816222066	0.00156110416232593
BCAT1	586	0.944061927866025	0.00281138178833821
BCL2A1	597	0.953664126361759	0.0157252150894497
BCL6B	255877	0.784283433675668	0.000304784487699924
BCL7A	605	-0.801039603342929	3.97288646662947e-06
BCO2	83875	-0.752839233905332	0.00037301572358301
BEND4	389206	-0.736664540131479	0.0126729655194563
BEST1	7439	1.08879443214967	2.78669830845079e-05
BEST2	54831	-1.27879793564866	0.00291967571194529
BEST4	266675	-0.896072404040733	0.0173623889875353
BGN	633	1.11285903534339	0.0018530612950662
BHLHA15	168620	1.08480829203267	0.000487281849437484
BHLHE22	27319	0.973351115124768	0.0065904538669537
BHLHE40-AS1	100507582	0.687507854884356	1.49409843015038e-05
BHMT2	23743	0.942327671802402	0.000383570901384536
BICC1	80114	1.0438083729757	3.15542673982849e-05
BIK	638	-0.648049114784454	0.00548785212248411
BOC	91653	0.630181175404508	0.0071028778838155
BPIFB1	92747	10.0689142235267	8.75266473457273e-22
BST2	684	0.71976915204648	0.00163729530117772
BTBD19	149478	0.584911092349796	0.0183489681986519
BVES	11149	0.595540361756818	0.00930585294249438
C10orf99	387695	-1.30822534187491	7.89087321957099e-05
C11orf96	387763	0.685614185262028	0.0145179887134814
C17orf107	100130311	0.711562117303933	0.000377686300755666
C19orf38	255809	1.03785802468282	0.000102583343161598
C1QA	712	0.710032943889112	0.000833729883509213
C1QB	713	0.816514120501156	0.000167307408573833
C1R	715	0.882543133148361	0.000908608825349302
C1S	716	0.74255061212389	0.00410765731208305
C2	717	0.887078976354112	0.000457657555862487
C2CD4A	145741	2.22186219250934	3.30601909595836e-09
C2CD4B	388125	1.26782513123407	2.68645087107772e-05
C3AR1	719	0.647289455841731	0.00495831055717972
C3orf36	80111	0.813437644790852	0.00718552922677733
C3orf80	401097	0.822450350218665	0.0016524875101909
C4A	720	0.855728092428524	0.0120993837521684
C4B	721	0.865525451562261	0.00858798002064181
C4BPA	722	1.42067808442607	0.00227955676756615
C4BPB	725	1.63119590857208	1.63370764866824e-05
C5AR1	728	2.07676001139387	2.27213077010304e-09
C5AR2	27202	1.24585113784555	5.3817686073361e-05
C6	729	-1.144613769795	0.0130057347571596
C6orf223	221416	1.3382655661367	0.00052208635268341
CA1	759	-2.59614780022562	6.11532575785738e-06
CA2	760	-3.21464003839195	8.52784629530741e-12
CA4	762	-0.863119895398834	0.046866016076463
CA7	766	-1.45033039163901	0.000238000812403562
CA9	768	1.7264514289165	4.99713483184016e-07
CACNA1E	777	1.0508217487853	0.000788656490591059
CALB1	793	-2.03816956113492	0.000465568513508586
CALCRL	10203	0.826651830005247	0.000580196395822977
CALU	813	0.714205697051547	9.31664016817175e-07
CAMK2B	816	-0.890013104930964	0.000225024865085039
CAPN11	11131	1.22157070908025	0.000782869013310326
CARD14	79092	1.8069127042462	3.72366732931644e-08
CARD16	114769	0.593374230597655	0.000172974995444732
CARD6	84674	0.844389799241041	0.000125688846308333
CASP1	834	0.675902396186353	0.000272880389494744
CASP1P2	440067	0.93741527675936	0.00379243594411219
CASS4	57091	1.202558982007	1.37596596587683e-05
CBR3	874	1.4094098123331	1.04217882629834e-08
CCAT1	100507056	1.55744675084331	3.35514909626053e-05
CCBE1	147372	1.05938799633107	0.000629338878528427
CCDC102B	79839	0.754676849352987	0.000313192013058661
CCDC141	285025	-0.629439638136987	0.0258756173998305
CCDC3	83643	1.23582958115199	4.20397058204532e-05
CCDC71L	168455	0.676713776116967	0.000186923238889771
CCDC80	151887	0.659104697328111	0.0166607560910789
CCL11	6356	1.02735684842728	0.0105622235266752
CCL13	6357	0.753346171552063	0.0453835937107415
CCL18	6362	1.11545867542946	0.0123525167058114
CCL2	6347	1.83207662856822	7.41290199520394e-08
CCL20	6364	1.13415667198393	0.00644170867466012
CCL23	6368	-1.21283398182379	0.0122943518706081
CCL24	6369	0.970302551461573	4.10636562142511e-05
CCL3	6348	2.95367963275918	1.26277369444418e-10
CCL4	6351	1.80257734451156	3.82228180393672e-06
CCL4L2	9560	1.57449970578693	0.00139165132776938
CCL8	6355	1.18358317600226	0.00244733953653581
CCNO	10309	1.36718683228556	0.000484710780911459
CCR1	1230	1.06378089208001	0.000202128659125339
CCR2	729230	0.810043521531989	0.00313564884519242
CCR3	1232	0.87854564452089	0.00908018820958865
CCR8	1237	1.43664974931181	0.000347064622016094
CCR9	10803	-0.582599050616781	0.0318315392342672
CD109	135228	0.71116203107325	0.00522201177143539
CD163	9332	0.896044601911958	0.00100054892516484
CD177P1	653579	-3.87417851621508	1.99079303589088e-08
CD1B	910	1.13403620148406	0.004739473407236
CD1C	911	-0.795705378668219	0.0301627919396342
CD248	57124	1.03309903458164	0.000199630549691442
CD274	29126	1.50360132033857	5.49600454729196e-06
CD276	80381	0.669765625104088	5.75688602068292e-08
CD300A	11314	0.656601322521034	0.00249392149185046
CD300C	10871	0.951257926256297	0.000161445375743454
CD300E	342510	5.60594409014763	1.42253301061791e-19
CD300LB	124599	0.941960573876461	0.000102053476317267
CD33	945	0.690207336408148	0.00073460822415425
CD34	947	0.737944306511268	0.000573094470191948
CD55	1604	1.6035845755312	1.45153009952267e-07
CD80	941	0.926377834023768	0.00955471431222087
CD86	942	0.71554990913291	0.00368640351808526
CD93	22918	1.04554621192625	1.85210422463104e-05
CDC25B	994	0.737631897328583	6.73365626996229e-05
CDC42EP2	10435	0.619868781291658	0.00616808806821286
CDH11	1009	0.852368369506983	0.000703699055780264
CDH13	1012	0.869094330443414	0.000945338431679781
CDH16	1014	-0.654312434817401	0.0298856863440669
CDH3	1001	1.22181602098389	0.00562981016705234
CDH5	1003	0.91147500152806	5.7850135929958e-05
CDH6	1004	0.810163581383058	0.00121646415232714
CDHR1	92211	-0.858623171073147	0.00596087106229447
CDK15	65061	0.770613740344122	0.00153573577745228
CDK20	23552	-0.746951920711995	8.60627113961559e-05
CEACAM1	634	-0.873386591937234	0.00341212401968501
CEACAM3	1084	1.760762165924	9.72211805966012e-07
CEACAM4	1089	2.03881440724811	8.61066001262303e-06
CEACAM7	1087	-3.72383015618936	2.07185509358088e-11
CEACAM8	1088	-1.15707844143777	0.00566298151579558
CEBPB	1051	1.1859510903443	5.82155846742661e-07
CERCAM	51148	0.882447150449797	0.00048648266663848
CFB	629	0.650768292961983	0.0303398049687973
CFH	3075	0.618002625021432	0.0115073000999145
CFI	3426	1.12871848545565	0.000281648356584927
CFP	5199	0.608611341496799	0.0404562325279637
CGREF1	10669	0.608074537766533	0.0201996283470247
CH25H	9023	1.13830319556145	4.07686281151208e-05
CHAC1	79094	1.4779609568807	2.30536959735841e-06
CHAT	1103	-0.80373791656255	0.0113256860775959
CHI3L1	1116	4.55201152166554	2.01561465582797e-12
CHODL	140578	-0.600445430413579	0.0356348856803348
CHRDL2	25884	2.39104338698491	4.2233069322121e-06
CHRNA1	1134	-1.53727629838172	6.8996050374406e-05
CHRNA5	1138	0.882954545281736	2.16321025976168e-08
CHRNA7	1139	-0.650876744299305	0.0149984666610078
CHST15	51363	0.601665102049728	0.0180226331154148
CHST3	9469	0.731216263801483	0.00280898951483225
CHSY3	337876	0.853425826293754	0.000675991568846552
CKB	1152	-1.9050419431849	2.8567857009282e-05
CLC	1178	0.869386379512841	0.0117303428904545
CLCA3P	9629	1.74462519883438	0.000856971559535229
CLDN1	9076	1.20994690461875	0.000334258087718237
CLDN18	51208	2.88495732490119	2.7991479700803e-07
CLDN2	9075	0.924279758359752	0.0474760114375812
CLDN8	9073	-2.83517219511327	1.89328360770496e-08
CLEC11A	6320	0.619705286250576	0.00607482515394447
CLEC12A	160364	1.29244796226727	5.00900461126619e-05
CLEC14A	161198	0.654594690446454	0.00352307738681106
CLEC1A	51267	0.729710995381416	0.00214696605527188
CLEC2B	9976	0.600051191309956	0.00459114394982857
CLEC4A	50856	1.04207624058185	8.32408630497632e-05
CLEC4D	338339	3.99158945984617	1.48092728884962e-09
CLEC4E	26253	3.08616927846164	7.04858120520734e-09
CLEC4M	10332	1.0803853670223	0.0035533136814921
CLEC5A	23601	5.76551146641861	1.85151438705983e-24
CLEC6A	93978	2.50031263596692	0.000161940657120999
CLEC7A	64581	1.16632802758471	8.76077222336866e-06
CLMP	79827	0.656224565134327	0.00976668981555693
CMTM2	146225	5.23271841016262	1.68387114760488e-16
CNGA3	1261	-0.922949836410656	0.0104664455216562
CNTFR	1271	-0.877140113094887	0.0365448228562996
CNTN3	5067	-0.789790570482748	0.00229758011057483
CNTNAP1	8506	0.628291211073768	0.0118159170450137
CNTNAP3	79937	1.05311401701261	0.000127918667841824
COL11A2	1302	0.901832536616022	0.00792997767236573
COL12A1	1303	1.14019141886636	0.00371969253708798
COL14A1	7373	0.644430079991842	0.0211766111086545
COL15A1	1306	1.44614913459677	2.62972053429199e-06
COL18A1	80781	1.34233177764971	8.18648266400433e-06
COL1A1	1277	1.69773474489636	4.28379271204527e-06
COL1A2	1278	1.27038623849695	6.58294854734572e-05
COL23A1	91522	0.778346010766526	0.0176440134697551
COL24A1	255631	0.793886811648003	0.0310593785164119
COL2A1	1280	-1.16545592900024	0.00136481056412008
COL3A1	1281	1.43753032663498	5.66537706162017e-06
COL4A1	1282	1.65232253698247	9.48486224420058e-08
COL4A2	1284	1.02391085372988	4.32172301810358e-05
COL5A1	1289	1.02375902635138	0.000335803988261253
COL5A2	1290	1.38062682243405	4.89476365974944e-06
COL5A3	50509	1.38683606342098	1.06159704816656e-05
COL6A1	1291	0.78310478376995	0.00485922549208882
COL6A2	1292	0.665829751804672	0.0110955043570898
COL6A3	1293	1.25699712894885	6.4677334100569e-05
COL6A6	131873	1.39683699610685	0.00361311879191775
COL7A1	1294	3.72596575080468	8.78248051483963e-14
COL8A1	1295	2.89781603074615	1.40208940369996e-09
COLEC10	10584	1.73555750172022	1.86454108182017e-06
COPZ2	51226	0.662563623223882	9.2999532271775e-05
COX4I2	84701	0.875270861526056	0.00660325504673529
CPA3	1359	0.963583404043424	0.000124396205052626
CPB1	1360	-1.26101779536677	0.00656162703341352
CPT1C	126129	1.12936952812594	6.83016436253908e-05
CPVL	54504	0.601352830287773	0.00225864313436684
CPXM1	56265	1.41467852336796	0.000279436346613649
CR2	1380	-1.20333094345364	0.0193725102376268
CRABP1	1381	-1.80538069673031	7.17656005736537e-06
CRABP2	1382	2.28199864799132	5.39496439601277e-07
CREB5	9586	1.45341324990915	4.6586642692662e-06
CRISP3	10321	3.31460547802682	9.08482166236186e-08
CRISPLD1	83690	0.604584803737939	0.0417915361821581
CRISPLD2	83716	0.975806274255273	8.93187045068997e-05
CRTAC1	55118	1.01589062176398	0.0024482020450413
CSF2	1437	3.56421265457196	2.67977340735875e-09
CSF2RA	1438	0.644346480401915	0.00700340658987691
CSF2RB	1439	0.710599574956091	0.0286813019504622
CSF3	1440	7.69196859651547	3.99689225428868e-21
CSF3R	1441	3.41187591442926	1.00442071330856e-13
CSGALNACT1	55790	1.00720668854519	0.00148436554405599
CSMD2	114784	1.08240671193752	0.00451753851406937
CTHRC1	115908	1.9988427518997	1.07858831772933e-06
CTSC	1075	0.628156794510164	0.000275392885850267
CTSG	1511	0.716327678553787	0.0217281634502715
CTSK	1513	1.26636426136827	4.6829295371114e-05
CTSL	1514	0.908604595814135	4.62841078641294e-05
CWH43	80157	-2.51297779139722	1.44711899457652e-07
CX3CL1	6376	0.661586548726452	0.00114123065519799
CXCL1	2919	3.23871441041701	4.67913691401831e-12
CXCL10	3627	2.17725021546662	1.22254727659944e-06
CXCL11	6373	2.13671936674875	1.32049377068079e-05
CXCL17	284340	4.95212375463438	8.02469473502358e-07
CXCL2	2920	2.25715668154894	3.66842146441821e-07
CXCL3	2921	2.05219487180946	3.42609955358516e-06
CXCL5	6374	4.65598604299085	9.13854577763631e-14
CXCL6	6372	2.88778391267532	3.64298926536557e-10
CXCL9	4283	2.20430733253821	4.90489812698919e-06
CXCR1	3577	6.29347009058605	2.11139127224269e-21
CXCR2	3579	4.81703627280494	2.21793386763879e-18
CXCR2P1	3580	1.43331420592948	4.14068223791261e-05
CYP1A1	1543	2.61052069368624	0.000286852241590681
CYP1B1	1545	1.23863322101807	8.84303542879708e-05
CYP26B1	56603	1.1146386053122	0.00515627284205454
CYP27B1	1594	1.78621885839107	5.1172981445074e-09
CYP2B6	1555	-0.659231731692875	0.0470663277174971
CYP3A5	1577	-0.719308802741127	0.00865533280326534
CYP3A7	1551	-0.830353884206728	0.00904905398868097
CYP7B1	9420	1.30070672807067	0.000143343710890274
CYYR1	116159	0.739800317440083	0.000417143201743685
DACT2	168002	-1.40204923634084	3.39676554172604e-06
DAO	1610	-3.33481773386993	8.57923163613546e-09
DCHS2	54798	-0.634047396900216	0.0242021246980878
DCN	1634	0.866761261975812	0.0019640871762199
DEFB1	1672	-0.636217418765175	0.0397252497568066
DEFB4A	1673	6.68573454227231	3.75749235288569e-10
DENND5A	23258	0.642524307580503	0.00470412294034702
DERL3	91319	1.04791076926755	0.000911178041132425
DHRS9	10170	-0.866546323838221	0.00707838580192542
DLC1	10395	0.614040885454839	0.00243650298168804
DMBT1	1755	0.916790614126737	0.0355137908225974
DMRTA1	63951	-1.16069076293688	8.19878427838906e-05
DNAH2	146754	0.728884712970599	0.0011101050861516
DNAH7	56171	-0.64110091121383	0.0054813919676398
DNAJB5	25822	0.63019696615964	0.00120861521658779
DOCK4	9732	0.9728098250227	3.74296067685311e-06
DOK5	55816	0.582908627426794	0.044424822259598
DPY19L2P2	349152	-0.730228752683269	0.00558628675787233
DRAM1	55332	0.981663761405215	1.41712383550852e-05
DRGX	644168	-2.19719778832836	3.04496176223447e-05
DSE	29940	0.720741960284443	0.00241263168000001
DTX1	1840	-0.885486871015179	0.00992605882626239
DUOX1	53905	0.633051715102654	0.0336399200299564
DUOX2	50506	2.97039486918691	9.53548330300825e-08
DUOXA2	405753	3.77173303697781	3.16545245737581e-09
DUSP4	1846	1.02607134316019	9.77358425995679e-05
DYSF	8291	1.31946553382755	2.41147070933057e-06
EBF3	253738	1.35986511637157	0.000513039846546681
ECM1	1893	0.879943563490214	0.000369035984165059
ECSCR	641700	1.1449991435339	6.12623508053871e-06
EDNRA	1909	1.67325118035847	1.55903408952336e-07
EEF1A1P38	124199	0.720590857058211	0.0027090796457611
EFNA3	1944	-0.593807604691066	0.00194182294672586
EFR3B	22979	-1.2727945597439	5.61330405165817e-10
EGFL6	25975	3.26078360924079	2.14418613827439e-09
EGFLAM	133584	0.87042087159021	0.00110062377746955
EHD2	30846	0.773502169692909	0.00114533493014653
ELL3	80237	-0.716004819550147	0.000168656407498555
ELOVL2	54898	0.856598938702275	0.0271065353639197
EMCN	51705	0.62545728082317	0.0011557572105144
EMILIN1	11117	0.654011668054042	0.00660459001231087
EMILIN2	84034	1.09560919549838	2.28925678242949e-07
EML6	400954	-1.12017577592848	6.15555845358609e-06
EMP3	2014	0.635663663602449	0.011006556654322
ENG	2022	0.979523557120079	3.36852514875926e-05
ENKUR	219670	1.23408630250699	0.00102557865218231
ENTPD5	957	-0.610323622608889	0.00965459272496937
EPHA10	284656	-0.671598127796445	8.76375908306796e-05
EPHB1	2047	1.39149733757839	2.16747006139492e-05
EPN3	55040	-0.686852777777715	0.00367016828369769
ERAP2	64167	1.04809639112059	0.00634074030610433
ERG	2078	0.709409642808438	0.000394671260428956
ERP27	121506	-0.708275741096498	0.0127364904822555
ERRFI1	54206	0.59662525186752	0.0178290692332945
ESAM	90952	0.697447043407349	3.37502749506647e-05
ESR1	2099	0.732305781574753	0.00778464317256508
EVA1A	84141	1.33611284819927	1.29028534613228e-05
EVA1B	55194	0.65507459449999	0.0148814848647733
EVX2	344191	-3.10426189906413	1.41177793648609e-06
EXOC3L2	90332	0.614446432451401	0.0077199506495047
F2R	2149	0.591274950706354	0.00913370334165923
F2RL2	2151	1.68370939075405	5.76811490638824e-07
F2RL3	9002	0.712742300822751	0.0010641688064357
F5	2153	1.08482704636204	5.17632446259221e-05
F7	2155	-0.609795963136482	0.0448407627052963
FADS1	3992	0.96256823429718	0.00079244955730593
FAM110B	90362	0.915145826352756	7.28705920507405e-05
FAM110D	79927	0.936924285395801	0.000158010558788116
FAM124A	220108	1.09452459935682	3.77806156446367e-05
FAM13C	220965	0.710951133359014	0.00302568561285595
FAM151A	338094	-1.0229364598747	0.0267231339279743
FAM162B	221303	0.89355457713836	0.000894598029329824
FAM167B	84734	0.890311304047229	0.000412088845634125
FAM20A	54757	1.88214291748322	1.33058157620414e-06
FAM225A	286333	1.53445871160763	4.46556955567458e-06
FAM47E	100129583	-0.863038528479798	0.00012223660191638
FAM83A	84985	2.94037138983549	2.4671897752945e-09
FAP	2191	3.62513852331446	9.47354675911543e-14
FAT3	120114	-0.854801548122475	0.000583827756768231
FBLN2	2199	0.872697369308155	0.00467480664617717
FBN1	2200	0.925783858278716	0.000854550982309305
FBXL2	25827	0.59820141186359	0.00996798327973922
FBXO16	157574	0.889383388861458	1.10758519245402e-05
FBXO2	26232	0.731595800036796	0.0161930120421831
FBXO6	26270	0.73383745795941	7.5062883212217e-06
FCAMR	83953	-1.19209383145706	0.000599324317776336
FCAR	2204	5.53465569859714	1.08729922655149e-14
FCER1G	2207	1.29500700530104	3.60105459859534e-07
FCGR1A	2209	2.41896799633759	3.25159415379185e-09
FCGR2A	2212	2.2609930763414	5.8242966166573e-11
FCGR3A	2214	2.31969300938098	2.04681185671575e-09
FCGR3B	2215	6.06037929680764	2.56711643899664e-22
FCN1	2219	3.25008949324363	2.92225360144536e-11
FCN3	8547	3.06720384235963	1.67302834668847e-08
FCRL4	83417	-1.15104223518585	0.0169491414354473
FDCSP	260436	-1.32551001084183	0.0308299197817463
FER1L4	80307	1.41637934252096	0.000243399972636349
FERMT2	10979	0.676015798639225	0.00145141868801118
FFAR2	2867	2.11615228362909	2.82936716980119e-08
FGF10	2255	1.50805684069431	6.27769858756418e-05
FGF2	2247	1.04528367918456	0.000103577632626882
FGF7	2252	1.67982346065434	1.00065286760506e-06
FGR	2268	1.10388956856393	0.00102462410846683
FHL3	2275	0.782267818454513	0.000287678518077631
FHL5	9457	0.847347906282841	0.00211139981303055
FIBIN	387758	1.88203069591974	3.81311193683856e-06
FJX1	24147	1.34564656910553	0.000174403645915705
FKBP10	60681	1.02145602172194	2.76419604067498e-05
FKBP11	51303	0.967361769266977	6.7008885384968e-06
FLRT3	23767	0.614407012237629	0.00665138281164835
FLT1	2321	0.729311753045602	0.000345025982139945
FLVCR1	28982	-0.64304149660541	0.00711284188892275
FMN2	56776	-1.09962912548302	0.0038998574509448
FMO3	2328	1.02429424083289	0.0183491304049384
FN1	2335	0.629719936106387	0.00898542686904558
FNDC4	64838	1.08742957594017	0.000127686952777469
FOLH1	2346	2.2286921943368	1.25196531763403e-05
FOLH1B	219595	2.70077960767604	0.000388371366655195
FOSB	2354	-2.08576122540724	0.000229662897079415
FOSL1	8061	1.94781694043514	6.20569331492913e-05
FOXC1	2296	1.08283372008547	4.34277548673466e-05
FOXD2	2306	-0.766211249922093	0.0120594746784579
FOXD2-AS1	84793	-0.601641231853292	0.000890415689355376
FOXJ1	2302	0.784606059971791	0.0146793253889301
FOXN1	8456	-1.73544318898951	0.000472397811145331
FOXP3	50943	1.21346915466211	0.000952727094964231
FOXQ1	94234	1.99521288843373	1.37990777521347e-06
FPR1	2357	3.9392158729849	3.07322797668281e-14
FPR2	2358	5.50624083504256	8.81464330525737e-19
FPR3	2359	0.715920216008591	0.000340377463671498
FRAS1	80144	-0.877805491223064	0.000515277704122866
FREM2	341640	-0.714366184801251	0.011727512204323
FRMD1	79981	-0.810527012288766	0.0161409260757884
FRMD5	84978	0.674247533660695	0.000561595258907855
FRMPD1	22844	-1.03720060468579	0.00240878916481932
FRMPD3	84443	-0.863801331468878	0.00457993398899495
FSCN1	6624	0.625930601133492	0.0280712921906998
FSIP1	161835	-1.15023223226889	0.000122902271233417
FSIP2	401024	-0.589429508808614	0.0269798306527976
FST	10468	1.18657799727652	0.000219244618833798
FSTL1	11167	1.01835047168721	4.87687535479466e-05
FUT1	2523	0.62366857688516	0.000219762138003929
FUT7	2529	0.744368448147766	0.0482605100032424
FZD10	11211	1.02318520425761	0.00112679466964163
G0S2	50486	1.54509737293817	0.000102841845198148
GAL3ST2	64090	-1.31547775585355	0.00740799284018339
GALNT15	117248	1.35567001563895	0.000264158046839106
GALNTL6	442117	2.72046876656347	3.92271398855144e-12
GAPDHP40	100131743	0.606449610528801	0.0432993997822392
GAS1	2619	2.28806501207804	1.37141678841052e-05
GATA2	2624	0.829862994263425	7.9128211738471e-05
GATA4	2626	1.91304855845759	0.00147842170187994
GBP1	2633	1.62363852929479	4.68461426972112e-08
GBP1P1	400759	2.05885981352371	3.51447102221514e-09
GBP4	115361	1.16596613812312	5.40471121335254e-05
GBP5	115362	2.07865310883973	5.45144927701045e-08
GCSAM	257144	-1.20157563358406	0.00068964397339616
GCSAML	148823	0.674743124629093	0.00482137909763315
GFPT2	9945	1.83823307248967	3.49354676708923e-06
GGT8P	645367	-0.778720797058996	0.00908944024525547
GIP	2695	4.56486776726843	2.42054149136492e-08
GJA1	2697	1.01174250241379	2.06916439904292e-05
GJA4	2701	0.77233813876531	0.013345175380448
GJA5	2702	1.08452053428036	0.000905967180944898
GJB3	2707	-0.652619976345341	0.0466863634092502
GJB4	127534	-1.28648953022888	0.0034420309855067
GJC1	10052	0.628983678732058	0.044836262801838
GJD3	125111	1.10454674626368	2.90976196747134e-05
GLDC	2731	0.652184743509223	0.0133465421040492
GLI3	2737	0.624148200626018	0.0111610185857413
GLIS3	169792	0.629789148319811	0.00546926630664867
GLRA2	2742	-3.23427174478202	1.19197751155997e-11
GLT1D1	144423	3.48017921036436	1.40398985645334e-10
GLT8D2	83468	0.754585717232967	0.00108914833184526
GMPR	2766	0.853417299596135	4.73262936069749e-06
GNA15	2769	1.35709574280605	8.11315727119624e-07
GNB4	59345	0.593214942914903	0.010065910605118
GNG11	2791	0.688914127692274	0.00019783357898109
GNG12-AS1	100289178	-0.629968825770936	0.033340678011247
GNG13	51764	-0.792623746459026	0.00847627852550369
GP2	2813	-1.14467605504944	0.000896463521149736
GPBAR1	151306	0.754195509307401	4.43669413530257e-06
GPC6	10082	0.630252508641823	0.0107473397871505
GPM6B	2824	0.708385356968257	0.0112844460099822
GPR141	353345	0.85900449653028	0.00199869278749577
GPR173	54328	0.64594522066071	0.00174254316197164
GPR176	11245	0.672974285643893	0.0436835662934422
GPR19	2842	0.603195491982782	0.0080965607991117
GPR27	2850	0.866219165904265	0.000497527861662271
GPR37	2861	0.986085283902049	4.14441615295485e-07
GPR4	2828	1.84217959211178	5.52287464531842e-08
GPR68	8111	0.734514779641391	0.003229195623616
GPR84	53831	2.87660897894371	4.52091211537536e-09
GPRIN2	9721	-0.615560143466027	0.00708733577824315
GPX8	493869	1.0959587709893	6.36286218499233e-07
GRAMD1A	57655	0.640963860626047	0.000632887088100262
GRAMD1B	57476	-0.598413636618088	0.0384663273005056
GREB1	9687	1.06007338164134	0.000938531780600739
GREM1	26585	1.1950460164971	0.00451235519828909
GRHL1	29841	0.829974867004185	0.000882788414020093
GRHL3	57822	0.718663933597194	0.0385650717222474
GRIK2	2898	-0.792109995762784	0.00208766650951259
GRIN2D	2906	1.32371018146536	4.26588449230272e-05
GRIN3A	116443	1.26690560161026	0.000228211049851477
GRIP2	80852	0.627906682627357	0.0109430056685995
GS1-204I12.4	105371653	-1.42043338516381	0.00117876239265665
GSDMA	284110	0.932815057551771	0.000131161222495012
GUCA2B	2981	-0.765488023228566	0.0431315775350608
GUCY1A2	2977	0.661083576242963	0.0169952325738756
GZMB	3002	2.02222579732143	3.53583768347314e-07
GZMH	2999	0.847850988749558	0.00343143821519902
H19	283120	1.70387267027226	2.11618325072977e-05
HABP2	3026	1.24300259088865	0.00883524842404569
HAL	3034	0.849050165928363	0.00220023793787021
HAND2	9464	0.642203156256491	0.0278227988827255
HAPLN3	145864	1.25351692623906	0.00168118987862475
HAS2	3037	0.738935667259816	0.000140872037493958
HAS3	3038	0.700209640191724	0.0392910693392572
HAVCR1	26762	-1.14415039082533	0.0224093478026831
HAVCR2	84868	0.711462886066769	0.00192056427623147
HCAR2	338442	4.16036200463713	7.34660453503114e-15
HCAR3	8843	6.33751916191952	4.5793657924732e-25
HCK	3055	0.728159665959326	0.00123032901197945
HDC	3067	0.908089147294292	0.00134815408182735
HECW2	57520	0.630973396376123	0.00689722702704292
HEY2	23493	0.588060651663974	0.0146880424138296
HGF	3082	1.91467327348052	3.30620872181473e-09
HIF1A	3091	0.952485318035305	3.27340775481202e-07
HIP1	3092	0.580366579570244	0.000383062214111949
HK3	3101	1.54529903074342	2.14001725325514e-06
HLA-H	3136	0.596010701450318	0.0387334868935819
HLA-L	3139	0.580955059301881	0.0328486590787214
HLX	3142	0.794057124096759	0.000985479150016197
HNRNPA1P21	344697	1.38517671063166	1.40624539332266e-05
HOMER1	9456	0.596847336983059	0.0017365446935188
HOXC11	3227	-1.04092172055208	0.0255373915260814
HOXD10	3236	-2.04461465936373	0.000310480463869562
HOXD11	3237	-2.26917266950863	0.000178753963183362
HOXD12	3238	-2.83176757640964	9.13220931949868e-05
HOXD13	3239	-3.35276532668899	2.21277931755782e-06
HPN	3249	1.21103741330474	0.000432217817220865
HRH2	3274	1.08882799524648	0.00394757642079543
HRH4	59340	0.954601060813139	0.00647968985774056
HRK	8739	-1.68555598675995	3.08489711210637e-07
HS6ST2	90161	0.624516301292631	0.0357408575079859
HSD11B1	3290	2.63900442538838	5.9410406299341e-10
HSPA12B	116835	0.724920059730889	0.00124270229240693
HSPA6	3310	2.06509441954147	4.6775380537058e-10
HTR3A	3359	-1.69167342890918	0.000755056392539368
HTR3E	285242	-0.779036226333117	0.00707262676512312
HTRA1	5654	0.810597082399804	0.00040467216306096
HTRA3	94031	1.42302707435337	1.14824906330733e-05
ICAM1	3383	1.324893906945	1.03880791557661e-05
ICAM4	3386	0.6589700403834	0.0149448189599743
IDO1	3620	2.07173227274743	5.77382498168367e-06
IFI44L	10964	0.803561409948037	0.00915006948352752
IFI6	2537	0.703079133608582	0.0123731239189509
IFITM1	8519	0.89056592412143	5.68937033198304e-05
IFITM2	10581	1.1902094667841	2.68814778070849e-06
IFITM3	10410	1.16773946438011	2.95410640650537e-07
IFNG	3458	2.21924845074938	8.19643463539671e-06
IGDCC4	57722	0.729645616329797	0.0111517626963918
IGFBP2	3485	0.80119283961085	0.000261856711188124
IGFBP5	3488	1.86431777244255	4.59272466841794e-08
IGFBP7	3490	0.731222405066011	0.00120826404669723
IGHA1	3493	1.07183998790521	0.00102584733575359
IGHA2	3494	0.836753702198394	0.0172598945496677
IGHG1	3500	1.4697874916619	0.00361520223908455
IGHG2	3501	2.19566932832929	1.20338248101033e-05
IGHG4	3503	1.27208188188686	0.0190261078581283
IGHGP	3505	1.60226046478704	0.00337643150156845
IGHJ2	28481	1.74513981218956	0.000195516733167502
IGHJ3	28479	0.99726927743605	0.0186507457030228
IGHJ4	28477	1.34823670601853	0.00140648241889537
IGHJ5	28476	0.904432885618053	0.0150231593740141
IGHJ6	28475	0.790026610279079	0.0271779460506865
IGHM	3507	1.16823232269694	0.00550094428916427
IGHV1-18	28468	1.34586508879996	0.000210716573700824
IGHV1-2	28474	1.4328502631736	0.000668571505214757
IGHV1-24	28467	1.70126470041778	0.000141951247135904
IGHV1-3	28473	1.76239175784253	0.000297016712617322
IGHV1-45	28466	1.09947160091089	0.0202905863085768
IGHV1-46	28465	1.9377361980549	2.27986528986583e-07
IGHV1-58	28464	1.32980810324657	0.00220237068704072
IGHV1-67	28463	1.48608596491533	0.000236528388402513
IGHV1-69	28461	1.54060531237304	0.0001272446955261
IGHV1OR15-2	100287128	1.45270359686919	0.00018638218702773
IGHV1OR15-3	646370	1.78484152846749	9.6882024879879e-05
IGHV1OR15-4	646379	1.36739985058485	0.000963893144077095
IGHV1OR15-9	390531	1.62982800931033	0.000150376268438029
IGHV2-26	28455	1.24203860205227	0.00235697480025631
IGHV2-5	28457	0.916399435717165	0.0101351993666345
IGHV2-70	28454	1.49024527596826	0.000313566234446445
IGHV3-11	28450	0.825756113748999	0.0118483240206033
IGHV3-13	28449	2.85229417527812	2.00436243847884e-10
IGHV3-15	28448	2.36158813429947	1.81568493392961e-09
IGHV3-20	28445	0.833670021202415	0.0447468850362698
IGHV3-21	28444	1.31255938192684	0.000122170728744413
IGHV3-23	28442	1.47010535685948	3.19658319781939e-05
IGHV3-30	28439	1.14792717130033	0.000781485502601914
IGHV3-33	28434	1.48762266212902	1.90730095006986e-05
IGHV3-43	28426	1.72494475171356	0.000116210017854021
IGHV3-48	28424	1.28481325173242	1.85567948345182e-05
IGHV3-49	28423	1.72785298232704	5.81728517827105e-06
IGHV3-53	28420	1.54162080439479	6.74784972218507e-05
IGHV3-64	28414	2.15209192397566	3.066890955337e-06
IGHV3-66	28412	1.55246658204476	0.000716023218804234
IGHV3-7	28452	1.81298713436319	2.52437802920677e-07
IGHV3-71	28411	1.21596246058576	0.00176876033080233
IGHV3-72	28410	1.4231576163251	9.64140670287369e-05
IGHV3-73	28409	1.59761266356102	4.68514123627274e-05
IGHV3-74	28408	1.97915891071678	3.55940995331011e-08
IGHV3OR15-7	28318	1.90373919639282	1.58049909773455e-06
IGHV3OR16-10	28306	0.863776959783709	0.0155994487060042
IGHV3OR16-12	28304	1.05381982958775	0.00887707160292047
IGHV3OR16-13	100287372	3.04977143911197	3.68276074131409e-09
IGHV3OR16-15	28300	1.37991492555026	0.000654546423766296
IGHV3OR16-6	647187	3.09007720245322	4.85666473846454e-09
IGHV3OR16-8	388255	1.20088250247975	0.000958348487070026
IGHV3OR16-9	28307	1.20139010642244	0.000576868928230842
IGHV4-28	28400	1.94271221254867	6.25530921747518e-07
IGHV4-34	28395	1.75542209192529	2.5118780620672e-05
IGHV4-39	28394	1.31964814980174	0.000462932069241504
IGHV4-55	28393	1.13528220117158	0.0068485670833048
IGHV4-59	28392	1.311910942177	8.41202087787949e-05
IGHV4-61	28391	0.9314171960898	0.00876159649846212
IGHV4-80	28390	1.68754887650966	0.000328579811415231
IGHV4OR15-8	28317	2.25111743824322	6.44562931046088e-07
IGHV5-51	28388	1.30021515458323	0.000167473127157632
IGHV6-1	28385	2.03151866958633	2.16166185162548e-07
IGHV7-56	28380	0.895961999529768	0.0364276996282946
IGKJ4	28947	1.0563582012602	0.0165229981769879
IGKJ5	28946	0.961499316346314	0.0140253863685191
IGKV1-12	28940	1.68005146740443	2.79899776024849e-06
IGKV1-16	28938	0.974121281732691	0.00693341119275835
IGKV1-17	28937	1.29555763337423	0.000471180240237228
IGKV1-27	28935	1.79667475990008	1.05926932560421e-06
IGKV1-33	28933	1.33809180287365	0.00467599548655639
IGKV1-39	28930	1.51332542848735	0.00184569968444422
IGKV1-5	28299	1.50478748516764	1.67925532604327e-05
IGKV1-6	28943	1.54734013549937	4.21417297175825e-05
IGKV1-8	28942	1.08029304862954	0.00799584553089845
IGKV1-9	28941	1.55087107774254	2.81526796508758e-05
IGKV1D-12	28903	0.980830990402467	0.0190185044286846
IGKV1D-13	28902	1.52715869010629	0.00389660378016241
IGKV1D-16	28901	1.34071426001443	0.00116391666615916
IGKV1D-17	28900	1.17730467333369	0.0438400229603866
IGKV1D-27	28898	1.46934866368959	0.0070657008332319
IGKV1D-33	28896	1.84738716351515	0.000162018708108444
IGKV1D-39	28893	1.29583429396583	0.00707462038917372
IGKV1D-8	28904	0.894665798374228	0.015737906749024
IGKV1OR2-108	28862	1.23006723433302	0.00216003578560016
IGKV2-24	28923	2.1688084862308	3.13519178108152e-08
IGKV2-26	28922	0.817813934272661	0.0369491534087889
IGKV2-28	28921	1.28019286277472	0.00339360684751843
IGKV2-29	28920	2.85851180354934	2.897425772103e-05
IGKV2-30	28919	1.6316946138277	8.69549878863293e-06
IGKV2D-24	28885	1.86637191506668	7.93509413279527e-06
IGKV2D-28	28883	1.55332822499589	0.0036721245388851
IGKV2D-29	28882	2.15533431545776	2.62873290474086e-07
IGKV2D-30	28881	2.04318695377428	2.08466640586994e-05
IGKV2D-40	28878	1.06349144458218	0.0272922740926787
IGKV2OR22-4	28847	1.03683453633382	0.0206941825939138
IGKV3-11	28914	1.27896654753885	0.000234557981129713
IGKV3-15	28913	1.69965033947937	4.3249687288829e-06
IGKV3-20	28912	1.679363676351	1.35958880057926e-06
IGKV3-7	28915	1.22350320604898	0.00114845459819629
IGKV3D-11	28876	1.15744833038015	0.0033649140379993
IGKV3D-15	28875	1.12890620050492	0.00078221837193763
IGKV3D-20	28874	1.59316104556923	2.44981806852952e-05
IGKV3OR2-268	3523	1.4417828589213	0.000115004784603541
IGKV4-1	28908	1.41820063757335	5.93035776196498e-05
IGKV6-21	28906	1.09182218288369	0.00466931960882082
IGKV6D-21	28870	1.89145318908577	4.70064671753567e-06
IGKV7-3	28905	1.13878969165107	0.00330359664433087
IGLC3	3539	1.29392481667188	4.13091946323522e-05
IGLJ3	28831	1.1300566957237	0.0172958337002694
IGLV1-40	28825	1.31982288913805	0.000311473072986479
IGLV1-41	28824	1.47364183318861	0.00238214068111794
IGLV1-44	28823	1.42695096430523	5.52298734346732e-05
IGLV1-47	28822	1.75620802160597	1.15013987252628e-06
IGLV1-51	28820	1.77905877537618	1.2654659884026e-05
IGLV10-54	28772	2.88231017523424	1.48656934367555e-08
IGLV2-11	28816	1.1609005892604	0.00095728096875282
IGLV2-14	28815	1.38817869405471	0.000102912399059666
IGLV2-18	28814	1.4101083692204	0.000458018416735105
IGLV2-23	28813	0.987138199446887	0.00470937709381881
IGLV2-34	28810	1.02575542311976	0.0213624444251964
IGLV2-5	28818	0.763035178772014	0.0462055806763921
IGLV2-8	28817	1.5556170781989	5.6283944534054e-05
IGLV3-1	28809	0.975313536931137	0.00680061280795842
IGLV3-10	28803	0.789365408722002	0.0471276439509858
IGLV3-12	28802	0.8100066480808	0.0472712360172278
IGLV3-16	28799	0.878103910996752	0.0181221213793661
IGLV3-19	28797	1.06399914509586	0.00462484446564767
IGLV3-21	28796	1.03797273738117	0.00738233370427391
IGLV3-25	28793	1.31894483986168	0.000210311201971133
IGLV3-27	28791	1.15265175779255	0.0128943985617179
IGLV3-9	28804	1.15030533644888	0.00712062526587342
IGLV4-60	28785	1.95387227421417	2.31303671069186e-05
IGLV4-69	28784	1.23663136550103	0.000974032381589877
IGLV5-37	28783	1.57276188936835	0.00181091136074807
IGLV5-45	28781	1.80549869214081	6.0027557653439e-06
IGLV5-48	28780	1.36328706961271	0.00481129603899424
IGLV6-57	28778	1.28253775814575	0.000352225629566172
IGLV7-43	28776	2.09180184986965	6.08468400441047e-08
IGLV7-46	28775	1.8112877266902	8.10435218612148e-06
IGLV8-61	28774	2.1570048289889	6.1084008710026e-07
IGLVI-70	28763	1.77854253998538	0.000303622242076795
IGSF6	10261	1.11389915891133	1.70608603022305e-05
IGSF9	57549	-0.919800652104318	0.00109679979745383
IKBIP	121457	0.683842772746748	0.000401951694968615
IL11	3589	7.52781452484906	5.00705945853768e-23
IL12RB2	3595	1.33490966694009	6.54278793100473e-07
IL13RA2	3598	3.40352426273679	4.64737802742491e-11
IL15RA	3601	0.612858117014807	3.46548568976551e-05
IL17A	3605	2.08551346896688	0.000265296863123969
IL18BP	10068	0.614730634615212	0.00305676535050514
IL18R1	8809	0.810217793666939	4.0820928128253e-05
IL18RAP	8807	0.941565259246045	0.000234010594732583
IL1A	3552	4.11370171467298	1.351124106404e-12
IL1B	3553	4.4762415316445	6.93298994554516e-16
IL1R1	3554	0.847635190841367	0.000225133500603144
IL1RAP	3556	0.815228239611525	2.21396028968062e-05
IL1RL1	9173	1.66399027594557	7.7413647869999e-07
IL1RL2	8808	0.689086337557466	0.00217765934498541
IL1RN	3557	3.39139830951428	1.80161495009657e-13
IL22RA2	116379	-0.970680846247953	0.0322887573935225
IL24	11009	7.03188297018996	5.10897338977288e-11
IL2RA	3559	1.16220543167385	0.00143154977798013
IL31RA	133396	2.5425276008244	3.44785572910771e-09
IL33	90865	0.635321357147868	0.011640421168782
IL3RA	3563	0.918069247211114	0.000225888624566597
IL4I1	259307	0.718189090207254	0.0419077444139737
IL6	3569	3.89436593037332	6.16066057686063e-09
ILDR1	286676	-0.589781048929707	0.00329081331309261
INHBA	3624	4.28713894573582	3.12794296857206e-14
INSL5	10022	-4.93414793386135	8.3307394437374e-16
IRAK3	11213	0.85763868675799	0.000270080464252301
ITGA11	22801	0.717576757682184	0.00412405101005732
ITGA2	3673	0.753617917030575	0.000270639241151659
ITGA5	3678	1.52045981440159	2.28113446593283e-07
ITGA8	8516	0.659824320458094	0.00364342106052025
ITGAX	3687	0.852914276202336	0.018761265691479
ITGB3	3690	0.684962271403503	0.00197452103139848
ITIH3	3699	-1.86720649271794	0.000126596013954398
ITM2C	81618	-0.590668235400495	0.00405260045966561
JSRP1	126306	1.31621648437236	0.000763627557799191
KCND3	3752	1.04211074466285	0.00100289423142535
KCNE3	10008	0.70007896088268	3.7717980543133e-07
KCNE4	23704	0.677876130475052	0.00144285558597343
KCNF1	3754	-0.779799133144362	0.00625926948135894
KCNIP4	80333	0.895588456387837	0.00469611366657899
KCNJ15	3772	4.55986648467266	5.12959914180959e-14
KCNJ2	3759	0.766611904244068	0.000165235643691192
KCNJ8	3764	1.27146038325391	2.82014304198979e-05
KCNK3	3777	0.67324737239606	0.000368034926800899
KCNMB1	3779	0.628171121877112	0.00657050871295636
KCNQ3	3786	0.690298396062093	0.0238645392391293
KCNQ5	56479	-0.833868374156847	0.016458904371207
KDM8	79831	-0.596325326393084	0.0018259761907277
KDR	3791	0.88881556981192	0.00010059887381227
KHDRBS2	202559	-1.16351851489628	0.00177630772313986
KIAA0319	9856	-0.926028421375381	0.000193590840765792
KIAA0895	23366	0.584299866190754	0.000229766139957899
KIAA1549L	25758	-1.39815208227065	0.00193716891811457
KIF26B	55083	1.54276187597802	4.87027726274349e-06
KLHDC7B	113730	0.841451133407103	0.00649922109863255
KLHL6	89857	-0.748842325029049	0.0222270408340452
KLK10	5655	2.74537753750686	4.95091666898881e-07
KLK15	55554	-1.85935159763625	8.05798447945951e-06
KLK3	354	-0.9892756271581	0.00376554302891663
KLK6	5653	6.56821138082295	9.05083663865552e-08
KLK7	5650	4.95384853337023	9.38252415772569e-05
KNG1	3827	-0.84529506296945	0.0264568019693554
KRT12	3859	-0.581021429157271	0.0246633155091982
KRT23	25984	2.00610325171651	5.85014758923637e-06
KRT40	125115	-0.711920929754247	0.0203229408350125
KRT6A	3853	8.39140935307626	1.62385646926233e-11
KRT6B	3854	4.11951018723527	9.88064531400115e-06
KRT7	3855	2.80035899223372	1.64804264150358e-10
KRT86	3892	-0.63229333650232	0.0141310716488001
KRTAP13-2	337959	-4.9605976774235	3.21608158538344e-14
KYNU	8942	1.44921805027256	0.000222121085119071
L1TD1	54596	1.04038935554157	0.0215768473294016
LAIR2	3904	1.17256181751658	0.0038005061937381
LAMA1	284217	-0.641709871739959	0.013268444707857
LAMA2	3908	0.698455563899663	0.00341904966064103
LAMA4	3910	0.768853106796366	0.000631254568864215
LAMC1	3915	0.692709712419007	0.000186285861379194
LAMC3	10319	2.97334057601194	1.2815713271032e-12
LAMP3	27074	1.10694371998768	0.00293465688784671
LAMP5	24141	0.636201724814236	0.0215485536950476
LAP3	51056	0.783819158591685	1.00845229282245e-06
LARP6	55323	0.71792297321528	0.00327890315759087
LATS2	26524	0.595150878159467	0.000136974744923498
LAX1	54900	0.703917726602458	0.0342803893093805
LCN2	3934	1.87731437276345	5.57274340268784e-05
LCP2	3937	0.786655096463394	0.00110568447797494
LCT	3938	-1.85178176533139	0.000159641320561337
LDB2	9079	0.719679170157104	0.000435413214173723
LDLRAD2	401944	0.757315123775693	0.0170670041814747
LDLRAD3	143458	0.812050902622551	0.00124350354235248
LEAP2	116842	-0.608252486316198	0.041784343053543
LEFTY1	10637	-0.953986860313937	0.0453525684415797
LGALS1	3956	0.751975413458393	0.000741469734415228
LGALS12	85329	1.03722422095415	0.00390554150432942
LGR5	8549	-0.616585324904354	0.00497514974926116
LGSN	51557	-1.27454194246513	0.0443669301050823
LHX6	26468	0.822633133353942	0.000164313347922761
LILRA1	11024	1.63874333581775	3.12603653297402e-06
LILRA2	11027	3.09811550660197	3.71215795161436e-13
LILRA3	11026	3.56781275653019	1.56862239016276e-09
LILRA5	353514	2.75070023517527	1.89788338820497e-10
LILRA6	79168	2.76356392027574	3.34443206195282e-11
LILRB2	10288	1.87463072833012	4.41673350606796e-08
LILRB3	11025	2.87402687766841	1.56368139839197e-09
LILRB4	11006	1.11773427737649	0.00127131743201551
LINC00114	400866	1.28691846024794	4.07849837632307e-05
LINC00365	100874146	-0.866583588748115	0.00262845158240752
LINC00390	105370183	-0.590300074875125	0.041384594852361
LINC00578	100505566	0.794112588269451	0.00249101511787576
LINC00582	100287814	1.72537016254266	2.40689464524601e-05
LINC00842	643650	-0.694336405638836	0.0129653764802472
LINC00940	100271702	-1.25821584870982	0.00242534363777148
LINC00992	728342	-0.796509996089939	0.00108546327090724
LINC01013	100507254	-0.59937717473751	0.0237812689826593
LIPF	8513	3.19057443008044	0.0141103661069039
LIPG	9388	0.862562384019873	2.22966367706119e-05
LOX	4015	0.669510646002779	0.00552876073615846
LOXL1	4016	0.675975225410424	0.00963005049912242
LOXL2	4017	1.25491301005914	3.15541780823637e-05
LPL	4023	1.59594752723454	1.08209325559206e-06
LRCH2	57631	0.610303208775012	0.00520082350442906
LRFN5	145581	1.17891308052076	0.000504102515863724
LRG1	116844	0.864189381783787	0.00127910861793952
LRP8	7804	0.78809474916048	0.00318921933068424
LRRC25	126364	0.640629467879134	0.0067035782164398
LRRC32	2615	0.894685828932932	4.39125364678311e-05
LRRC8E	80131	0.90518829378203	2.0774206434475e-05
LRRK2	120892	0.848368638821553	0.00945942361136107
LRRN2	10446	-0.970072491437227	0.00421043100236175
LRRTM2	26045	1.02692673952583	7.0725104616267e-05
LST1	7940	0.684808908343834	0.00277209612413555
LUM	4060	1.06986345029786	0.000314042075753082
LUZP2	338645	-1.26057576526922	8.01993025981452e-05
LY6D	8581	3.85058235319861	9.12405118461544e-05
LY6E	4061	0.704474890682064	0.0022340920261347
LY96	23643	0.769613967793469	0.00322500701413808
LYPD1	116372	2.23223010953595	2.3937866039352e-05
LYPD5	284348	0.807840489532519	0.0265473751107303
LYPD6B	130576	0.848509361396078	0.0055150871298289
LYZ	4069	0.726153874264239	0.00271080497976663
LZTS1	11178	1.05902079482347	0.000353921056859471
MAFF	23764	0.593932776284869	0.0214784378563677
MAGI2-AS3	100505881	0.582875801677627	0.00591938633377504
MANF	7873	0.581208366322854	0.000583804958509943
MAP1A	4130	0.586147682909121	0.00941569321641281
MAP1B	4131	0.637474459463011	0.0026791256778369
MAPRE3	22924	-1.03226915640652	4.01683042835386e-05
MARCO	8685	3.18123241310973	1.52120346166388e-08
MASP1	5648	1.6509568980767	0.000189902016330419
MCAM	4162	0.926310553673273	0.000154061532273883
MCOLN2	255231	-0.778032656750166	0.00818879429320649
MCTP1	79772	1.071951948687	8.27769846356003e-06
MDFI	4188	1.31672471487175	0.00018385316621954
MED12L	116931	-1.10515242601922	0.00127282081763875
MEDAG	84935	1.68306513937144	8.93599015318403e-05
MEFV	4210	2.89764122880859	4.1486305517332e-13
MEI1	150365	0.836518860243473	0.0022533921844298
MEIS1	4211	0.67111915768497	0.000441032509820459
MEIS3	56917	0.905482527188306	0.000245301416856536
MEOX1	4222	1.40325567327423	1.40600736450848e-06
MFAP2	4237	0.984378381162752	0.000863424855510936
MGP	4256	1.15250141189655	5.66971395598928e-05
MIR223	407008	0.904553629511179	0.01449927299677
MIR29B1	407024	0.995052512755587	5.67994673814678e-05
MIR3150B	100500907	-0.743967681570163	0.0408334130591193
MIR497HG	100506755	0.593078910707861	0.0048885978334645
MMP1	4312	5.61717439234416	2.52583382122856e-18
MMP10	4319	5.58434140873268	1.3181169458399e-19
MMP12	4321	1.0295894656881	0.0162339618769871
MMP13	4322	4.74814326544231	1.0112176803512e-10
MMP14	4323	0.710089557996747	3.25716646066866e-05
MMP19	4327	1.44916251891041	6.03966278828424e-06
MMP2	4313	1.55195035882859	3.28501528106435e-06
MMP25	64386	0.972044090513127	0.00037879219987511
MMP28	79148	-0.681886163344816	0.00741154136025322
MMP3	4314	7.50036293649361	2.13451352257047e-27
MMP7	4316	3.66963818276548	7.61882454472744e-09
MMRN1	22915	0.745100775123557	0.00188354194873513
MMRN2	79812	0.670061157416221	0.000810410208524109
MNDA	4332	2.00814309086399	3.49050985391861e-08
MORC2-AS1	150291	-0.680587539662127	0.00123839341393768
MRAP2	112609	0.593239651921251	0.00274723800594893
MRAS	22808	0.629081078323182	0.00921969897057505
MRC1	4360	0.768831973319919	0.0468577690272221
MRC2	9902	0.866140045633748	0.000715667334914277
MRGPRF	116535	1.06343321668775	0.000204278712282618
MROH7	374977	-0.756799722957891	0.015197605993149
MS4A18	728588	1.92250790703924	0.00223206045875589
MS4A2	2206	0.673695723642347	0.0141855197592459
MSC	9242	0.923422026515031	0.00283213499230465
MSR1	4481	0.716562491301206	0.00241423042330189
MSX2	4488	0.899629488124634	0.0290734531282243
MT1DP	326343	-0.706035565636594	0.0273235177023423
MT1F	4494	-0.62303597424025	0.0337684549608065
MT1M	4499	-0.86251917863393	0.0254015358109788
MTRNR2L8	100463486	0.68564899013936	0.0373971951886302
MUC1	4582	1.37105530059423	0.000136357999403231
MUC12	10071	-2.44282620230763	2.82452981003698e-10
MUC5AC	4586	4.14566311861405	2.93950045485996e-12
MUC6	4588	8.31054821333703	2.15035475950928e-31
MXRA5	25878	1.2310186455835	1.1116047436557e-05
MYBL1	4603	-1.00033685594599	9.09377248700392e-05
MYBPC1	4604	-1.21582207764538	0.000742251246111308
MYCT1	80177	0.603181905402353	0.00135871788891798
MYEOV	26579	1.1271865316815	0.00698325190239309
MYO1F	4542	0.651665897888095	0.00574772808659421
MYO3A	53904	-1.5167653471951	0.000133736105324315
MZB1	51237	1.24841327054418	0.000488079986187815
NAIP	4671	0.769407902514773	0.00102238278724353
NAMPT	10135	1.40218021303377	8.96476323515889e-08
NAPSA	9476	-0.77737017773769	0.000876667134740014
NAV3	89795	0.658500513256521	0.0210361242704466
NBPF13P	644861	-0.823822157622178	0.00581087643740339
NCF2	4688	1.52714809745011	1.96448870600441e-07
NCOA7	135112	0.669801414921869	0.0015781058257134
NDUFA4L2	56901	0.916906008904628	0.00118596245698467
NEFM	4741	-1.10193081192877	0.00282448598728994
NEU4	129807	-0.627732013132834	0.0220674903509933
NEXN	91624	0.858576685343993	5.47322302898426e-05
NFAM1	150372	1.02583098421847	0.000168645650667557
NFATC4	4776	0.612244344276754	0.00442776066995577
NFE2	4778	3.67919371364944	3.82228681456329e-12
NFKBIZ	64332	1.01131826471154	1.23168248026427e-05
NHSL2	340527	1.23632801638479	1.61842225812767e-05
NID1	4811	0.779474153704355	0.000953955261683445
NID2	22795	0.755925774949288	6.03709378015171e-05
NLGN1	22871	0.838460305371808	0.00381557051576562
NLGN2	57555	0.624108153413116	0.0122734605513617
NLRC4	58484	0.707651066075245	0.00409612351654702
NLRP12	91662	2.07581651792296	9.73389097804518e-07
NLRP3	114548	0.923706810350575	0.000702926563189632
NMNAT2	23057	0.652681824310252	0.0367936104544419
NMU	10874	-0.63000133068728	0.0411552138983513
NNMT	4837	1.87536539824874	1.91227839408295e-07
NOD2	64127	1.13885864105451	7.8780878732904e-05
NOL4	8715	-0.93903874085005	0.000650511219769488
NOS2	4843	1.98360606622091	5.93885316687749e-06
NOS3	4846	0.877844552264167	0.000535411041224767
NOTCH3	4854	1.10109230963051	0.000592551907223344
NOTCH4	4855	0.643535690191724	0.00270512235266993
NOVA2	4858	0.775103231217585	0.000578507244964515
NPC1L1	29881	3.01824163356356	1.56543629181209e-08
NPFFR1	64106	1.07334489232314	0.00609036659429803
NPHS1	4868	-0.938658741574385	0.0424773843302467
NPY1R	4886	-1.12404846261195	0.000224340494492212
NPY2R	4887	-2.74521539242768	2.80461391408919e-06
NPY4R	5540	-1.35146010946372	2.85178841739522e-07
NR4A3	8013	1.68775222668761	1.7699475530509e-05
NRAP	4892	-1.25232891478139	0.000940975574321188
NRCAM	4897	1.16304506926178	0.00295120168699867
NRG1	3084	1.08835704205439	0.000366632805891999
NRG4	145957	-1.21731279543585	0.00304220054113743
NRIP3	56675	1.50064833849737	4.93983413823997e-07
NRN1	51299	0.63652029441155	0.00129376403079289
NRP1	8829	0.696173258097649	0.000351802959753389
NRP2	8828	0.822622396749231	0.000512944089705386
NSG1	27065	0.606041810592567	0.00301366267805119
NTN1	9423	0.97981874822192	0.000459587265342562
NTRK2	4915	-1.71481003649062	3.81314743786336e-05
NUCB2	4925	0.654883723430805	1.44969655705325e-06
NUGGC	389643	-0.784696483015226	0.0122524003978221
NXN	64359	0.677770493945102	0.00308538456569117
NXPE1	120400	-0.647067147217787	0.0096703967539266
NXPE4	54827	-2.14942650370738	6.6765373905074e-07
OCA2	4948	-0.803470584804536	0.0108152480904274
ODF3B	440836	0.651877377386809	0.0123483574404158
OGDHL	55753	-0.709304355994811	0.00325712326453405
OLFML2B	25903	1.0966290070975	0.00117494162574933
OLR1	4973	2.11274743454865	1.94825067676144e-07
ONECUT2	9480	2.74550697445297	2.97292941112213e-10
OR51E2	81285	-1.95523160758406	8.29904900872096e-06
OSCAR	126014	1.52569503577621	1.20114203524109e-06
OSM	5008	5.4873960845811	9.84189816887034e-18
OSMR	9180	1.05920022884232	0.000187547124030705
OTOP2	92736	-1.40043017573871	0.00144938732856211
OTUB2	78990	0.644956939510193	0.000909855949151108
P2RX7	5027	0.79256305689029	0.00387564036956713
P2RY13	53829	0.868143570847206	0.00131820281855427
P2RY14	9934	0.764448594518608	0.00105451940844213
P2RY6	5031	0.908701274774394	9.95000615017407e-05
P4HA3	283208	1.98077399978889	2.21267486383995e-06
PADI1	29943	-1.09194256889504	0.00760037306764567
PADI2	11240	-0.885641701445791	0.00415184576592776
PADI4	23569	2.02697676095234	8.54954079878049e-07
PALMD	54873	0.949642921167683	8.82981625518424e-05
PAPPA	5069	0.78300187077548	0.0103162281622433
PAQR5	54852	-0.635799431944241	0.00804032625929678
PCDH12	51294	0.627191569725255	0.00287953449034721
PCDH17	27253	1.74899512067525	4.52898292524701e-08
PCDH18	54510	0.603747661721271	0.00588548151784811
PCDH7	5099	0.602327965167925	0.00455275497669346
PCDHB15	56121	0.662372484439349	0.00344436947104045
PCDHGA12	26025	0.894382843965921	0.000728710768993123
PCDHGB7	56099	0.689284263093026	0.00140787095313616
PCOLCE	5118	0.950739097631594	0.00134027110429249
PCOLCE2	26577	-1.45358858263953	0.000835749761773878
PCSK9	255738	1.01417754735177	0.00143394924505277
PDCD1LG2	80380	0.98102881519693	0.00162415117423425
PDE10A	10846	1.29874117548098	7.96011517088226e-06
PDE4B	5142	1.15559742715464	0.000378228682536403
PDGFB	5155	0.909165619924545	2.47999774247328e-05
PDGFRB	5159	0.875185854384856	0.00168074564031861
PDGFRL	5157	1.28998163393977	5.52639216302532e-10
PDK1	5163	0.627806629727969	3.2743250981721e-05
PDLIM7	9260	0.703625113722612	0.000647665416813937
PDPN	10630	2.05922092262781	2.57970123665196e-07
PDX1	3651	3.1108068398229	9.13362241482602e-12
PDZK1IP1	10158	1.22965638416458	0.000172033843624693
PDZRN4	29951	0.895772520214401	0.00535424248270473
PEG10	23089	-0.794449570358432	0.000629584864012844
PF4	5196	1.21649994817415	0.00454669797974736
PFKFB3	5209	1.01469929811076	0.000318968284503013
PGC	5225	9.65237577349432	2.45421971906545e-44
PGF	5228	1.07495492509392	0.000216942420006015
PHKA1	5255	0.759736225466694	5.05643731214798e-06
PHLDA1	22822	1.1751919344241	5.71701049622532e-06
PI15	51050	2.83258858938566	7.83544565489571e-08
PIK3R3	8503	0.987796698891638	1.16048188662492e-10
PILRA	29992	1.80596888383817	4.25516357322724e-09
PIM2	11040	1.02001151945759	0.00123228498075552
PITX1	5307	0.628315351530453	0.0168310095699285
PLA1A	51365	1.38310602352283	2.97106646679267e-05
PLA2G3	50487	1.67385247271057	0.00318339281251226
PLA2G7	7941	1.02937169925955	0.000644698224668525
PLAT	5327	0.599258165347681	0.00938077552958853
PLAU	5328	1.97244448935681	4.11527712333423e-09
PLAUR	5329	0.917714356188943	0.00880774343818096
PLCB1	23236	0.627369667265589	0.000892459184381244
PLCD1	5333	-0.787939829650149	7.02506988724187e-05
PLCD3	113026	-0.849250271424461	0.00276801137216994
PLEK	5341	1.34336601389459	0.000310689389652373
PLEKHN1	84069	1.03394480350993	0.000871497881301233
PLIN1	5346	-0.678201985809381	0.00581220232664701
PLN	5350	0.731124986044999	0.00527161008039561
PLS3	5358	0.804085402709775	6.25842025376257e-09
PLVAP	83483	0.707808893942275	0.000645614502746083
PLXNA4	91584	0.692609797653461	0.00145287038209319
PLXND1	23129	0.644548828288323	0.0026148678344064
PODNL1	79883	0.837768138652671	0.000366314461310838
POSTN	10631	1.1521391613207	0.000154718544410683
POU2F3	25833	-0.706958195068431	0.00197265236779869
PRAC1	84366	-1.15855589671507	0.0358755017837281
PRAC2	360205	-2.1489113301835	4.52757802645751e-05
PRAM1	84106	0.649899505024816	0.0081947576831749
PRDM1	639	0.652266366627978	0.0031526800279488
PRDX4	10549	0.65784843302174	1.81779009224687e-06
PRDX6	9588	-0.594467766018238	0.00361588929472579
PRICKLE2	166336	0.624141876275791	0.000878502769689025
PROCR	10544	0.607675325190761	0.00104123851636159
PROK2	60675	5.99727440325496	6.9093232409691e-19
PRR16	51334	1.87190383615573	4.93851959304859e-09
PRRX1	5396	1.28550253925202	0.00575916914284274
PRSS21	10942	0.883003762608949	0.0260422954580823
PSAT1	29968	0.868685710169374	0.000653593596111419
PSCA	8000	1.82143784135775	4.82028453700939e-05
PSMB9	5698	0.593759381722689	0.00205715915125456
PSORS1C3	100130889	-0.751005631049712	0.0331845013528232
PSTPIP2	9050	0.725960657582505	0.000391712952658275
PTAFR	5724	1.0469332552927	0.000138090373362585
PTGES	9536	1.15757495010576	0.000124439475870504
PTGFR	5737	0.9464161947768	0.00473206530748665
PTGIR	5739	1.26293627780017	0.000154800743153429
PTGS2	5743	3.68265743050478	2.03514992658273e-13
PTHLH	5744	2.38068036995698	1.25231930471267e-08
PTK7	5754	0.701581469962969	1.66434115186568e-05
PTP4A3	11156	1.04785055056249	8.0387205111921e-05
PTPN13	5783	0.894757290199033	2.23252623031225e-05
PTPRN	5798	1.31287159639466	0.00127610985891017
PTPRU	10076	0.68950399459981	0.0158980779425812
PTX3	5806	0.740724134811539	0.0198144865730742
PXDN	7837	1.18845988055748	1.362459322741e-05
PYCR1	5831	0.817479037121295	1.56537848591304e-05
QPCT	25797	0.673864939883739	0.000108680996148609
RAB31	11031	0.987528893062399	2.70378872879239e-05
RAB34	83871	0.628370580807624	0.00374359229191331
RAB44	401258	0.632832107169955	0.00923996416252572
RAB6B	51560	-0.777755596833828	0.00440350689886924
RAMP2	10266	0.623288797962437	0.00608071187620607
RAMP3	10268	0.819528122154511	0.00216257069087913
RAPGEF4	11069	0.801684657402121	1.44354523921157e-05
RARRES1	5918	0.694791593002308	0.00401175121348854
RASGEF1A	221002	-0.597972007755997	0.0450478506967879
RASGRP4	115727	1.21227057329283	3.21770214495985e-06
RASIP1	54922	0.875526944140909	4.80710027344476e-05
RASL12	51285	0.791095997360432	0.00074322654781328
RASSF8	11228	0.9973744122714	0.000178653971173192
RASSF8-AS1	100506451	0.7227788861546	0.00642838087501884
RBM24	221662	-1.17536440303854	0.000432918810575815
RBMS1	5937	0.591719331409955	0.00716966563282384
RBP7	116362	0.833060959019418	3.39479151597395e-05
REG3G	130120	-1.58404297897271	0.00515751338849858
REM2	161253	0.737737572589785	0.00341692183665743
RGN	9104	0.662238158834138	0.017921259182017
RGPD3	653489	-0.828407770280097	9.60075071316594e-05
RGS13	6003	-1.55926775115015	2.16537242841248e-07
RGS18	64407	0.653513867718266	0.00129586231202414
RGS4	5999	1.07347400870247	0.000514428997288976
RGS5	8490	1.01687034317357	0.000211010338606433
RGS9	8787	-0.627259818407866	0.000504069548816161
RHBDL2	54933	-1.12474961356826	0.000995217802553281
RHOJ	57381	0.747804567024719	0.000242713490865898
RIMKLA	284716	-0.630330830776179	0.018818573422002
RIMS4	140730	-1.48665479249063	0.00058875983453179
RIPK2	8767	0.725470015929714	0.000149001415170206
RNASE2	6036	2.14429718601013	1.10777777781802e-05
RND1	27289	0.960514875512049	0.00730326794394204
RNF152	220441	-0.610270994627691	0.00692326119541346
RNF183	138065	1.15988307218141	0.000928293690031687
RNF186	54546	0.711106514476551	0.00241332725067842
RNF24	11237	0.961583604388841	4.34088831860746e-07
RNF39	80352	-0.998071629941588	0.0124225327706154
ROBO2	6092	-0.669161880738832	0.00171264625990306
ROBO4	54538	0.970248287821103	1.21392422322255e-05
ROR2	4920	0.928914261816748	2.08579487108311e-06
ROS1	6098	-0.599790780446973	0.0397733973053292
RPL10L	140801	-0.821483362792707	0.00039485226974349
RPLP0P2	113157	0.754005398797344	0.00563274404879367
RPS27AP1	103911	0.794214883484701	0.0200028550997419
RPS6KA2	6196	0.80494828735652	1.16380620115158e-06
RSPO3	84870	0.938687876304453	0.00474772214937415
RUFY4	285180	1.08362177908245	0.000437928766974746
RUNX1	861	0.598475425847451	1.19911605008378e-05
RUSC2	9853	0.59423574461284	0.000736765268616207
S100A1	6271	-0.993080411379152	4.2930279298135e-05
S100A11	6282	0.880870381202009	1.41859659434984e-05
S100A12	6283	6.68456388896495	1.09854219436424e-16
S100A2	6273	1.17420594271299	0.000222639008382818
S100A3	6274	1.72828828271676	6.06050735598806e-05
S100A4	6275	0.709295164123394	0.00237157702578385
S100A8	6279	5.27843183758788	3.03399345564145e-19
S100A9	6280	4.47859551115232	3.86450776735926e-17
S1PR2	9294	-0.59689459895289	0.0200081456045867
SAA1	6288	3.79571457595228	1.56966307139737e-08
SAA2	6289	3.8252483329607	6.28231213409939e-08
SAMD14	201191	0.950717215180674	9.7873047717145e-06
SAMD9L	219285	0.751438778604077	0.000216578772206683
SATB2	23314	-0.740825641857682	0.000640856421946218
SATB2-AS1	150538	-0.930807502033068	0.00191369817743759
SCARF1	8578	0.821135168231513	0.000100715933869366
SCEL	8796	-1.43780210237709	2.7224238126056e-05
SCN1B	6324	1.00443008880481	1.16975854600768e-05
SCNN1B	6338	-2.78521559330822	9.22253827756183e-10
SCNN1G	6340	-2.60244007689224	7.32409251078324e-06
SDC3	9672	0.604679780784716	0.000616629769740106
SDK1	221935	0.816552574189417	0.00359262826244121
SDR16C5	195814	-0.853134735703222	0.0111646532745541
SDS	10993	0.63609006073566	0.0132616405040654
SEC14L5	9717	-1.20842877043276	0.000155278253806144
SELE	6401	4.66498713090043	1.15725732690996e-14
SELENBP1	8991	-0.604962160738746	0.0219022555114005
SELP	6403	1.64601145795918	6.61209273737606e-06
SEMA6B	10501	1.02240555187532	4.07202216410536e-05
SERPINA5	5104	-1.41606214003401	0.000738987452884897
SERPINA9	327657	-2.46882820405206	0.00120081555161274
SERPINB3	6317	3.43534095710411	0.00871218573285848
SERPINB4	6318	4.17583598776249	0.000945107547449404
SERPINB7	8710	3.0194154676381	0.000222237033833118
SERPINB9	5272	0.642825924031269	0.0269174215298717
SERPINE1	5054	3.24571239923263	7.37997517164514e-13
SERPING1	710	0.952308538088633	0.000279031579300299
SERPINH1	871	0.600325802631216	0.000288507751599665
SFRP1	6422	0.995971075319995	0.00190582882423671
SFRP2	6423	1.43999226488919	0.00652654379164509
SGCD	6444	0.649116057338428	0.00519106599330467
SGIP1	84251	1.44722057635191	1.00908489631968e-06
SGK2	10110	-0.612485605909914	0.00714788243425771
SH2D6	284948	-0.758594579435677	0.00797354693505221
SH2D7	646892	-0.791559695599919	0.00683473817966528
SH3PXD2B	285590	0.916498764632502	2.01084083696324e-06
SH3RF3	344558	0.639306768765036	0.000932430631488491
SHANK3	85358	0.71854563774069	0.00099267845642042
SHC4	399694	0.856884464296748	0.00312490212144739
SHH	6469	0.733156137872965	0.00714621341013547
SHISA4	149345	0.59252044745114	0.00766665798835825
SHISA6	388336	-1.21868673064535	0.00147326816783343
SHROOM4	57477	0.657998053494622	3.55704625498061e-07
SIGLEC11	114132	0.644580230412865	0.0231772219118792
SIGLEC17P	284367	0.725489612180234	0.0015152901781683
SIGLEC5	8778	0.990964245845393	0.0171586285287961
SIGLEC9	27180	1.15756875518698	2.25705217621324e-05
SIRPB1	10326	0.907940825669376	0.0254237630649978
SIRPB2	284759	0.662571167711444	0.0205097826615171
SIX4	51804	1.2154971784101	0.000514902325116635
SLAMF6P1	100862852	-0.592350406990327	0.0284540191973368
SLAMF7	57823	1.11664044843045	4.76176682796488e-05
SLAMF8	56833	0.899345751670891	0.000829566590542535
SLC10A5	347051	-0.616817803839591	0.0138222326050421
SLC11A1	6556	4.44089451781853	3.18797345960161e-20
SLC14A2	8170	-1.15995390909971	0.0347030818432772
SLC16A2	6567	0.79377513699698	0.000131604344353975
SLC16A9	220963	-1.2291506289225	0.00048293406370832
SLC17A4	10050	-0.620189616823457	0.01340791998722
SLC18A2	6571	0.6525492626424	0.00673186322918666
SLC19A3	80704	-0.683525124486868	0.00228377534582267
SLC1A3	6507	1.39021280746312	0.000705532404040417
SLC22A15	55356	0.649325475522359	1.39507975764639e-05
SLC25A21	89874	0.610926081770152	0.00161456024767446
SLC26A2	1836	-0.880251450500595	0.0220111148947914
SLC26A3	1811	-1.07478618309268	0.000927240935598999
SLC27A6	28965	-0.852925859780743	0.00898528011811846
SLC28A2	9153	-0.874741425720781	0.027009631131476
SLC2A12	154091	1.60156158422654	1.05842394886639e-06
SLC2A3	6515	1.50581654250845	3.78443270283024e-05
SLC30A10	55532	-0.783725884463845	0.0121251899152014
SLC35F1	222553	0.634255263891398	0.0123331477322087
SLC35G2	80723	1.01784629707686	0.000125223271175091
SLC37A2	219855	-1.56149690293918	9.33867801586064e-05
SLC38A4	55089	-1.46939810627248	0.00172879517991086
SLC38A5	92745	0.893458673904427	1.30490427333237e-06
SLC39A2	29986	-1.0112654269006	0.00675221762673948
SLC43A3	29015	0.58536730890239	0.00958290773704927
SLC44A5	204962	-1.64343267704938	0.00124631559651335
SLC4A10	57282	-0.658212354590327	0.014263622772861
SLC4A11	83959	0.980855549691159	0.000815956421475847
SLC5A8	160728	1.49350558099007	0.000181604355628529
SLC6A14	11254	2.63997215153259	2.06466088350284e-06
SLC7A11	23657	1.71389886974875	4.34397623609287e-10
SLC7A5	8140	1.07996931652834	0.000228117255613137
SLC9A2	6549	-1.08106346260588	5.41452111624945e-05
SLCO3A1	28232	0.610678493326347	0.000880640332732132
SLFN11	91607	0.688046883020176	0.00471992604462197
SLITRK2	84631	-1.20267014503477	8.85144319692805e-06
SMIM2-AS1	101929212	-0.602708881374141	0.00478011429477139
SMOC1	64093	0.746626972007696	0.00900065677916736
SMOX	54498	1.05583764272494	1.00138990476397e-05
SMPD3	55512	-0.613817915204686	0.000745535068192382
SNAI1	6615	2.10689730251673	9.26883630703524e-09
SNAP91	9892	-1.1155318171696	0.0105322978936108
SNCA	6622	0.89619847027968	7.67284447353427e-05
SNCAIP	9627	0.81311816286329	0.00196281066215616
SNX10	29887	0.897692460937527	0.00178379851217826
SNX29P2	440352	-0.9955549358947	0.0269508469826598
SOCS1	8651	0.664282434709659	0.0477367607602883
SOCS3	9021	2.21646643141747	3.42746706491316e-08
SOCS5P4	100132415	-0.615799851122534	0.00215354329351492
SOD2	6648	1.57787970462264	9.47152540866819e-10
SOX17	64321	0.709449176234342	0.00734681630066553
SOX18	54345	1.10514585366815	0.000438899348645248
SOX7	83595	0.669169725759798	0.000743745141452299
SOX8	30812	-1.2204940287569	0.00317036372038458
SPAG4	6676	1.34202686552407	1.72999817193008e-05
SPARC	6678	0.866237475838906	0.000830617835225511
SPARCL1	8404	0.681588539162425	0.00133854772691195
SPHK1	8877	1.25472023418376	0.000156710350598833
SPI1	6688	0.621146641825689	0.0203579138325473
SPIB	6689	-1.05795909379858	0.000136478301118914
SPINK4	27290	1.29070569724681	0.00116231483631047
SPINK5	11005	-1.910829299901	1.44732649231424e-05
SPOCD1	90853	1.45706330938334	4.08706724875513e-06
SPOCK1	6695	0.731407094705513	0.012796299538208
SPON2	10417	0.595425910159111	6.7390800663241e-05
SPP1	6696	3.37464693866515	1.01118868395025e-12
SRGN	5552	1.05112395385124	0.000352949530504906
SRPX2	27286	1.61141616749303	1.55257564193086e-08
SSC5D	284297	0.60815016866282	0.0211521538435633
ST3GAL4	6484	0.654988026891885	0.0224278070967419
ST6GAL2	84620	-1.67146536114627	4.51734806940318e-05
ST6GALNAC5	81849	0.660226288245769	0.0109133137743329
ST6GALNAC6	30815	-1.20640222483855	1.48049576200835e-05
STARD8	9754	0.767588060852927	0.000311961332018881
STAT1	6772	1.17999435436998	3.01019060057595e-08
STC1	6781	2.52190422052787	1.442507452224e-08
STC2	8614	2.07231037366816	5.3607038962433e-10
STEAP1	26872	0.879414492555668	0.000124939337122045
STEAP4	79689	2.16507476446526	3.30519146999057e-09
STON1	11037	0.657798267340868	0.00413174386032272
STRIP2	57464	1.44536257482268	1.59920733889921e-05
STX11	8676	1.02227563522288	0.00103128596235278
STXBP1	6812	0.601065674300372	6.56406559885752e-08
SUCNR1	56670	1.06798685485775	6.91568949775292e-05
SULF1	23213	0.662183428606754	0.0109515147650943
SVEP1	79987	0.725002502713647	0.00639421691343614
SYDE1	85360	0.740764968479218	0.0017225396445908
SYN1	6853	0.596255872798169	0.00321516549148965
SYT2	127833	-0.624659199121085	0.012018473251826
SYT8	90019	-0.594037201208158	0.0104629592324148
TACR1	6869	1.04085236170616	0.000505056032136542
TAP1	6890	0.760371541397117	2.19495168991799e-05
TAT	6898	-0.701732148178645	0.0147139897160559
TBXAS1	6916	0.618503597343961	0.000183310056322725
TCL6	27004	-1.27982439308913	0.0059138454834691
TCN1	6947	4.54843355921363	1.15401436481349e-14
TDO2	6999	1.45746894477311	0.000889653044657244
TEAD4	7004	0.782496400161095	9.54513093941743e-05
TEK	7010	0.626951436840756	0.00234191023778779
TERT	7015	-0.696538281343804	0.00372128755272411
TESC	54997	0.58359436653339	0.0417276761160946
TF	7018	-1.16021712225102	0.00134026215604065
TFAP2A	7020	1.69131637953273	3.73600978935678e-05
TFAP2C	7022	3.05134244863318	2.11320258081299e-12
TFCP2L1	29842	-1.00795265325145	0.00426838718875054
TFF1	7031	0.676772494391404	0.0423516666139995
TFF2	7032	1.58820053871326	3.09684322733594e-05
TFPI2	7980	3.02823542995538	1.14017412782628e-11
TGFB2	7042	1.089957381683	0.000315750567941151
TGFB3	7043	1.33093195546948	1.28446419317068e-06
TGFBI	7045	1.07466889344531	2.48450404512731e-05
TGM2	7052	0.969422365305138	0.000978340939118592
THBD	7056	1.04428399888358	0.000129731369533816
THBS2	7058	2.74179435085579	7.5595739385943e-08
THEMIS2	9473	0.923365228233454	0.000656501981998159
THRB	7068	-0.834393473692667	0.00013972593080098
THSD1	55901	0.71922066414271	0.000405416596502246
THSD4	79875	-0.627353499771147	0.00212564971836079
THY1	7070	1.19557975568063	0.000295105135805765
TIE1	7075	0.74088249825877	0.000256146016960848
TIMP1	7076	1.67706770272587	2.60250638135725e-08
TINCR	257000	-1.01845287463723	0.000379850360076141
TLR2	7097	1.34703064512343	1.24351338141765e-05
TLR8	51311	1.04377638965779	0.00131512226174971
TM4SF18	116441	0.663653543041297	0.00139810762789135
TMEM108	66000	0.650807358169529	0.0490787462989831
TMEM132A	54972	1.7968129517652	4.01468492521647e-08
TMEM158	25907	2.10203536998419	3.27343809929889e-09
TMEM198	130612	-0.722166515391672	0.00144615666059525
TMEM200B	399474	0.600572553818049	0.00895869354501521
TMEM217	221468	0.78831602482525	0.0033608406432174
TMEM255B	348013	1.24828895865495	3.7932815649999e-06
TMEM45A	55076	0.602265033341926	0.0243511622754403
TMEM63C	57156	-0.616483236407973	0.0391185952178894
TMEM72	643236	-1.99240660215546	4.03534339296889e-07
TMEM86B	255043	-0.590588654505573	0.000246690474657027
TMEM88	92162	0.602527090797451	0.000491284649761312
TMPRSS3	64699	1.39944549877366	2.1600719118039e-08
TMPRSS6	164656	-1.0197742746609	0.000548226730081183
TMTC1	83857	0.679362463548013	0.00482490282969264
TNC	3371	1.12872811466136	0.00947217091917091
TNFAIP2	7127	0.959358316269152	0.000828512000925246
TNFAIP6	7130	4.77480671606318	1.78889795706615e-18
TNFRSF10C	8794	1.8609443142856	9.67028076867665e-06
TNFRSF18	8784	0.731688901284305	0.0179139180081855
TNFRSF4	7293	1.01344933496363	0.00442038633843405
TNFSF13	8741	0.606147609887781	5.376801087519e-05
TNIP3	79931	1.92488188688284	0.000260136597207337
TNMD	64102	0.853848547480438	0.00416519652712159
TNNC1	7134	-1.79739185158821	1.09678017922672e-06
TNR	7143	-0.779358015147326	0.0115624148180381
TNS4	84951	1.70334190757124	5.89638381417244e-07
TPSAB1	7177	0.724362727025107	0.00369337998834978
TPSB2	64499	0.748488235361455	0.0129863430036524
TPST1	8460	0.605562954412441	0.0115333722771215
TRABD2B	388630	0.597821283956491	0.0122198089057713
TRDV1	28518	-0.847427739266385	0.0129379150483773
TREM1	54210	5.59165185383787	6.22233668811303e-21
TREM2	54209	1.02196554779865	0.000758852652314028
TRGV4	6977	-0.875826683629352	0.0211549940166834
TRHDE	29953	-0.776237749839537	0.0135258585533955
TRHDE-AS1	283392	-1.82952922909069	2.51636597454734e-07
TRIM31	11074	-0.626085349778592	0.0368296789859306
TRIM58	25893	-1.05122467649356	0.00161006748005519
TRIM69	140691	0.636689554182789	0.000103524927356807
TRNP1	388610	0.765179645983016	0.000693870103870081
TRPC4	7223	2.04503677749371	5.04667015414415e-10
TRPC6	7225	0.751650495778352	0.00185510577856718
TRPM5	29850	-0.804605032791787	0.00174490604759477
TRPM6	140803	-0.675262509194028	0.0296787376227861
TRPV4	59341	1.51036760970094	6.73535295789012e-07
TSHR	7253	1.25244003801582	5.02363818449515e-05
TSHZ2	128553	0.946701947641618	0.000233066698461398
TSHZ3	57616	0.75168775083661	0.000661030252697975
TSPAN11	441631	0.614035107154733	0.0237106345805745
TSPAN9	10867	0.836778413216229	2.52642088482283e-06
TTC7B	145567	0.586308710062931	0.00134986858105263
TUBB2B	347733	-0.829063783912807	0.000173948687935622
TWIST1	7291	2.12490439835164	4.62604527829763e-06
TXNDC5	81567	0.920033165400873	0.00228271325236543
TYMP	1890	0.963991015627967	0.000395948216513688
TYROBP	7305	0.909408266994357	2.75916827989733e-05
UBE2L6	9246	0.663179549009455	0.000564697496199658
UBTD1	80019	0.841257717493266	0.00036380994721111
UCHL1	7345	-0.797733626665857	0.00786820173859351
USP44	84101	-0.874072642183743	0.00419938803010521
VAMP5	10791	0.604727631605536	0.00163258829724702
VASN	114990	1.00663356766946	0.00186448957994916
VCAN	1462	1.3137333791919	1.21538345185118e-06
VEPH1	79674	1.36290375427883	0.00128024878675122
VGLL3	389136	1.10335281712096	0.000500771076800072
VIP	7432	1.56262791455065	0.00237276327229168
VIT	5212	-1.40471620299839	3.78440171074233e-05
VLDLR	7436	-0.870750064381415	0.00235810895186465
VMO1	284013	0.907816114370002	0.00158600667310571
VSIG1	340547	1.56528874670086	0.00102111547236302
VSIG2	23584	-1.12512418182789	0.00232014797680383
VSNL1	7447	1.37815872228158	0.000438465872544242
VSTM1	284415	1.05799932909976	0.0031533637097642
VWF	7450	1.49693171989332	6.66032558152222e-08
WDR72	256764	0.893615316635497	0.0389715984979795
WFDC2	10406	-2.12150503326796	7.61794869299176e-08
WFIKKN1	117166	-0.709808022149776	0.0151250029221921
WIPF3	644150	-0.772555660497509	0.00664744646193888
WNT2	7472	5.21711537654843	6.47372063695208e-11
WNT5A	7474	1.58401705978348	1.89982341988023e-06
WWTR1	25937	0.599934026578355	0.00062135953423233
XBP1	7494	0.748387403677462	1.58973995462996e-06
YPEL4	219539	0.712035594209916	0.00521320639995769
ZBP1	81030	0.866455538764997	0.00196181463258541
ZC3H12A	80149	0.934691938848259	0.000883088777756173
ZCCHC24	219654	0.609937285503275	0.002155408917181
ZDHHC8P1	150244	-1.01269893285803	0.000928176914080289
ZG16	653808	-0.71130089326444	0.03183658470098
ZG16B	124220	0.994434066607317	2.21827341668624e-05
ZMIZ1-AS1	283050	0.928754908209685	0.000137207197053461
ZMYND15	84225	0.780857824102847	3.78202811943799e-05
ZNF385D	79750	1.20163744447019	4.2874949121533e-05
ZNF469	84627	0.711232284147107	0.0102297569865453
ZNF521	25925	0.688260876313824	0.00182648814940848
ZNF618	114991	0.682319398742011	5.82503883152758e-06
ZNF804A	91752	-0.689276832547141	0.00590652204932344
ZNF860	344787	-0.674015724358227	0.00174534826305767
