GeneSymbol	ENTREZ.ID	log2FC_rectum	pvalue_rectum
AADAC	13	-4.09035709545602	9.75668224565314e-14
ABCA12	26154	4.40203434075011	2.07422499623232e-14
ABCA4	24	-1.01942568999601	0.000724062561039139
ABCA8	10351	-0.638069948674274	0.0453911109284194
ABCB1	5243	-0.67709218891704	0.0112968120028831
ABCC2	1244	-2.76144487854337	1.29031798822548e-13
ABCC9	10060	0.786605324130243	0.00512642254124476
ABCG5	64240	-3.2607690446648	6.13463254666264e-10
ABCG8	64241	-3.06478552014941	2.10266401452373e-10
ACE	1636	-1.13514899746647	8.05831450722836e-05
ACE2	59272	-1.06001679374607	0.00086492679617673
ACKR4	51554	1.39044974522759	0.000120493857390538
ACOT12	134526	-3.08098083143474	9.95748800150942e-09
ACSL1	2180	0.880715807385008	0.000877364443489958
ACSL4	2182	0.988374757062785	0.000144211144277347
ACSM1	116285	0.580879182444348	0.0446686605247326
ACTBP9	69	0.808806019931738	0.000252633076074195
ACTG2	72	0.757514252820258	0.012650061308981
ADA	100	0.728127803304124	0.00271605218186434
ADAM12	8038	2.09719218182514	3.20179832122796e-07
ADAM33	80332	0.677361860864896	0.0135476167156603
ADAM8	101	1.08755505663471	0.000134901197527414
ADAMDEC1	27299	-0.790642513506518	0.000964305087884337
ADAMTS12	81792	1.50994759807219	4.90695342225898e-06
ADAMTS2	9509	1.81050429194564	2.97673930084334e-07
ADAMTS4	9507	2.82758956329844	2.65223433628641e-10
ADAMTS6	11174	0.958153646648076	0.00140271300663289
ADAMTS7	11173	0.844769393855349	0.000643861754147791
ADAMTS9	56999	0.776014663235697	0.00132383654071348
ADCYAP1	116	1.38632090461764	0.00513128902826446
ADIRF	10974	-0.8474678880599	0.000817117598304847
ADM	133	1.17846315385753	1.4518076201107e-05
ADM2	79924	0.595803863982491	5.91875279285048e-05
ADORA1	134	0.682212718673348	0.00930761538764674
AFAP1-AS1	84740	2.03989433339204	0.00145115033973106
AGAP4	119016	-0.636860199714778	0.0293363787642544
AGMO	392636	-1.12870176692989	0.000520514541925034
AGPAT4	56895	0.980073681719726	6.988087220273e-05
AGT	183	0.685930457485278	0.029036404186846
AGXT2	64902	-3.74399900846572	9.816709901788e-14
AK7	122481	0.598633548533271	0.000220499306299059
ALDH1A2	8854	1.31117706823485	0.00494612080618702
ALDOB	229	-3.57223992683459	3.11058300382246e-13
ALOX15	246	0.908338248166666	0.00415007521440255
ALOX5	240	0.581525475758397	0.0132507694751076
ALPI	248	-0.704751296893648	0.0162966022724819
ALPL	249	1.81081347056073	9.71984801539563e-07
ANGPT2	285	1.15203184583877	3.18501448219639e-05
ANGPTL2	23452	1.49886956388992	4.79937937044844e-06
ANGPTL4	51129	1.5244316675822	6.25632986239039e-05
ANK1	286	0.902316803430948	0.00662048493139193
ANKRD22	118932	0.830572296873402	0.00407599775678898
ANKRD36BP2	645784	0.850745418501873	0.00702578126753883
ANPEP	290	-1.46864546857812	9.91648236795416e-06
ANXA1	301	1.33301482873823	7.78139432276865e-07
ANXA2P1	303	0.816166760276337	0.0015917566911062
AOX1	316	1.49416760884684	9.26064099383114e-05
APBA2	321	0.715106279642723	0.00666522779017651
APIP	51074	0.71565991903597	1.67101489641002e-05
APLN	8862	1.84312615286433	4.26802502464199e-10
APOA1	335	-4.28392447922306	3.99377037256012e-16
APOA4	337	-3.87999511595271	5.76189494861135e-14
APOB	338	-4.81465982128294	1.76656121367986e-18
APOBEC3A	200315	2.14819945777454	1.74133119901835e-05
APOBEC3G	60489	0.580005890880758	0.00960085344482699
APOBEC3H	164668	0.917515148947899	0.00120122460252836
APOC1	341	0.650538952299468	0.0240189551143241
APOC3	345	-3.76346157197986	6.06137736015533e-13
APOL1	8542	1.39518932943148	4.41144972306568e-11
APOL2	23780	0.85417583111417	9.36985940848022e-08
APOL3	80833	0.869832609692289	4.93750202070347e-05
APOL4	80832	0.787637845298915	0.000803712878274172
AQP9	366	7.03509422435378	4.44451994972104e-27
ARG2	384	-0.854105915918786	0.00730646069821245
ARHGDIG	398	-1.19993248410636	0.000937173537184855
ARID5A	10865	0.739951836706873	0.00136929818121831
ARNTL2	56938	0.943252797540415	1.60012538625209e-05
ART3	419	0.921407277127256	0.00553469363494142
ASAH2	56624	-0.841883987584755	0.01021980756652
ASGR1	432	0.651129375404649	0.00172201461483591
ASGR2	433	0.647389305405317	0.0330965712839426
ASPA	443	-0.994293303191396	0.00016383176080939
ASPG	374569	-0.852789043889704	0.0191855610453363
ASS1	445	1.15489845806197	3.22511488551787e-06
ASS1P1	442167	1.14013850584506	2.06522530123102e-05
ASS1P11	340274	1.24181812103229	9.37265378628998e-06
ASS1P9	454	1.13809993642308	2.78908250440572e-05
ASXL3	80816	-0.824331958206212	6.51340882056782e-05
ATF3	467	0.855892421274244	0.0100780868237987
ATF4P3	643159	0.624300127053107	0.00426226805020582
AZGP1	563	1.02109393747773	0.000224335331512673
BACE2	25825	0.863626855556784	1.71822816294722e-06
BATF	10538	1.04099440265095	0.00112693325560697
BATF2	116071	0.970729973026938	7.22229284473275e-06
BATF3	55509	1.07069279375603	0.000257883649999031
BCAN	63827	-1.42317193765003	0.00518382002543945
BCAT1	586	0.862154450929471	0.00422562842809111
BCL2A1	597	1.73515022276119	4.17496451890514e-06
BCL3	602	0.684301564702167	4.24612855614939e-05
BEST1	7439	0.624195799271643	0.011988955114144
BGN	633	1.61283520898532	2.23191903771387e-06
BHLHA15	168620	0.984974904974872	0.000889870432773814
BHLHE22	27319	1.05979657042829	0.00205696588309756
BHLHE40	8553	0.58957584135611	0.000653624301895478
BIRC3	330	0.888504228370608	7.70164491800495e-05
BNIP3	664	0.586748761471135	0.00354896082854704
BRSK1	84446	0.610014682875277	0.0113410604674684
BST2	684	0.716192898211635	0.00101663988536317
BTNL2	56244	-3.33911948016079	5.05908330918111e-08
C11orf96	387763	0.716720657309495	0.00753546617512259
C17orf78	284099	-4.61038206944141	4.82766465024637e-17
C19orf38	255809	1.01068112245232	8.24267254505571e-05
C1orf105	92346	-1.68622902932177	0.000214607091466756
C1R	715	0.670365330922021	0.00820477890651194
C2	717	1.24676766111294	2.72851311586022e-07
C2CD4A	145741	2.28898136563276	2.09676768514329e-10
C2CD4B	388125	1.24211936185782	1.74708210171326e-05
C3orf36	80111	0.696677066390934	0.0139802117958843
C4A	720	0.753170800934266	0.0207204802762494
C4B	721	0.883299917163563	0.00497216253387598
C4BPA	722	2.56678334576581	7.44155785881425e-09
C4BPB	725	3.09049278825456	1.4306451138772e-17
C5AR1	728	1.31676558479807	6.97838412827984e-05
C5AR2	27202	0.789044082002136	0.00687593049179196
C6orf223	221416	3.17888929817991	1.18019400470487e-17
CA9	768	0.947023694378689	0.00519736743638264
CACNA1C	775	0.674731357829571	0.00121642824442244
CAPN11	11131	1.34959326164929	0.000107191190255009
CAPN14	440854	0.938595628552518	0.0198123924610551
CARD14	79092	1.74972299413041	1.13244774522219e-07
CARD16	114769	0.646239436876052	1.79629580989065e-05
CARD6	84674	0.654450278797673	0.00192287669108677
CASP1	834	0.957090670953924	6.44663230643e-08
CASP10	843	0.719546418183129	4.3073301480452e-05
CASP1P2	440067	1.00511369968116	0.0027517214258695
CASP5	838	1.69042107596328	7.74523283242538e-08
CASR	846	-0.723574635436414	0.00651143060800114
CASS4	57091	1.1292139882799	2.12410958197608e-05
CATSPERB	79820	0.8606895595674	5.56547168215483e-05
CBLN2	147381	-0.714505033225339	0.00444065951453994
CBR3	874	0.882082590556571	0.000178199195918062
CBS	875	-0.598883206040386	0.032765785007153
CBX2	84733	0.630132545699853	0.00680283324980706
CCAT1	100507056	0.741546571388875	0.032418820688326
CCDC3	83643	1.05237696353092	0.000257053932146794
CCDC88B	283234	0.715682639120033	0.00024180556074133
CCL11	6356	2.32372367994772	1.51090742417872e-09
CCL13	6357	0.759158793512319	0.0353101832855069
CCL17	6361	1.84251471514345	0.00031842547923281
CCL18	6362	1.4447413217087	0.000675405124594596
CCL2	6347	1.07556919147576	0.000919639668699885
CCL20	6364	1.51476456130812	0.000134921445417591
CCL25	6370	-2.38666950575499	7.71583102488196e-07
CCL26	10344	0.679678297771856	0.0077286351999224
CCL3	6348	2.29255437800776	1.62964378151697e-07
CCL4	6351	2.07189050946495	2.63261722828347e-08
CCL4L2	9560	1.70650623421165	0.00032868310606689
CCNO	10309	1.22211659248382	0.00101958630451271
CCR1	1230	1.07418935115134	8.31577847913202e-05
CCR10	2826	0.695653002351645	0.0370953631961328
CCR3	1232	1.43032435045558	1.34445771397993e-05
CCR5	1234	0.676503337994513	0.000533123741677659
CCR8	1237	1.19058464832911	0.00243050987237335
CCR9	10803	-0.93112514303083	0.00044264006530335
CD1B	910	1.55775898055233	8.12683457255342e-05
CD248	57124	0.611344323801243	0.0207844889455568
CD274	29126	2.15833537013224	8.29745272655254e-12
CD300C	10871	0.650058493779822	0.00715675036739612
CD300E	342510	4.86395340897579	2.22979128774115e-16
CD300LF	146722	0.664190260326825	0.00138074087146071
CD38	952	0.832933789538252	0.00391670574274496
CD40	958	0.82300304470918	0.000870646959426349
CD55	1604	1.49145270567639	2.88416726118542e-07
CD80	941	1.40604937652679	4.25269828734256e-05
CD93	22918	0.601483561960389	0.00976693633283138
CDC25B	994	0.788684055032982	7.96000005608908e-06
CDC42EP2	10435	0.743364774212584	0.000594258346262594
CDH3	1001	2.22033995555514	1.30672122225243e-07
CDH5	1003	0.73673831181234	0.000656877952724154
CEACAM1	634	0.663925400518435	0.0195236178093573
CEACAM20	125931	-3.54594968269866	7.55817975721636e-14
CEACAM21	90273	0.584059702229294	0.020339073063727
CEACAM4	1089	2.67077652936235	5.15280122511594e-09
CEACAM6	4680	0.890755610996059	0.00628025087133022
CEBPB	1051	0.693711246705696	0.00215510646064567
CEBPE	1053	1.34403939598652	1.8035907723818e-05
CERKL	375298	-0.904346754720142	0.000266827524275205
CFB	629	1.72624016309141	1.68754948080052e-09
CFI	3426	1.17756113942567	7.29389700554748e-05
CFP	5199	0.71726761418323	0.0116712783601093
CGREF1	10669	0.623137607458654	0.0130179598400882
CH25H	9023	0.737129410126388	0.00526769677841723
CHAC1	79094	2.05514640473348	4.4601282689588e-12
CHI3L1	1116	5.96529320248372	4.77210960738022e-22
CHI3L2	1117	1.75352590611031	0.000270987635196618
CHN1	1123	0.618354882490072	0.0416680086354969
CHN2	1124	-0.583220165663185	0.00690848280227503
CHRDL2	25884	2.86094833497597	1.002197085701e-08
CHRNE	1145	0.637593504716106	0.0415069070496792
CHST11	50515	0.591479054608032	0.0154140041235654
CHST15	51363	0.583770561388922	0.0161446520678811
CHST2	9435	0.919931905515074	0.00121300683183364
CHST3	9469	0.895061732790147	0.000125853799099699
CIDEB	27141	-0.620507549720734	0.00339832625286891
CIITA	4261	0.667387182615041	0.00493067192290498
CKMT2	1160	-0.764610335470045	0.00782737865169621
CLC	1178	1.49078806649194	6.43025083372551e-06
CLCA3P	9629	1.62802222225463	0.000652581463394631
CLDN1	9076	1.03780391052461	0.00126307385856974
CLDN15	24146	-0.967954703067986	9.52132524132761e-06
CLDN18	51208	3.51543646462523	2.30423220578962e-10
CLEC12A	160364	1.56859512390882	2.89969942111411e-07
CLEC1A	51267	0.609792187039972	0.00762988348649306
CLEC4A	50856	0.909977459109357	0.000333155516155453
CLEC4D	338339	4.04182169872473	8.2044629226077e-10
CLEC4E	26253	3.5512488802641	3.79038724891688e-12
CLEC5A	23601	2.55864562227207	7.41642253343413e-07
CLEC6A	93978	3.42431115222914	1.57665745365434e-07
CLEC7A	64581	0.862195794147825	0.000577560623869489
CMA1	1215	-0.681484711670291	0.0300279598544128
CMTM2	146225	4.60072462846441	1.07568758422731e-13
CNTFR	1271	-1.01723215499277	0.0111396699757537
CNTN1	1272	-0.775882530120427	0.00315246371255122
CNTN2	6900	-0.67946171010478	0.0183391441344584
CNTN4	152330	-0.656366806950144	0.000648602298110784
CNTNAP3	79937	0.792235049515068	0.00235435480992243
COL12A1	1303	1.6163071874509	1.60665741454776e-05
COL15A1	1306	0.854404318269186	0.0035897546897966
COL18A1	80781	1.04509572044157	0.000270844112758995
COL1A1	1277	1.53803657434002	1.24403231087619e-05
COL1A2	1278	1.06738228422634	0.000434543762858486
COL22A1	169044	0.833875695005685	0.0386412181832232
COL23A1	91522	1.67654197038423	1.34042517941604e-07
COL24A1	255631	1.07423672018863	0.00242126646630666
COL3A1	1281	0.866027254969553	0.00412047159225368
COL4A1	1282	1.41635744107861	1.59356338894183e-06
COL4A2	1284	0.831574242323779	0.000492872498997226
COL5A2	1290	0.897965375928731	0.00181985807918128
COL5A3	50509	1.61187429865343	8.2239059067096e-08
COL6A1	1291	0.754781466221525	0.00440072795887602
COL6A3	1293	1.35439180573383	6.29580036291688e-06
COL7A1	1294	3.03587446784921	1.8443675454075e-10
COL8A1	1295	2.03155532713136	8.13580122145179e-06
COLEC10	10584	0.837451487967224	0.0208173481236255
COX4I2	84701	1.18580700710808	0.000158479913630669
CPA2	1358	-1.15839128094492	0.00185962106314342
CPO	130749	-4.42625151471792	1.91488692349413e-17
CPS1	1373	-1.65333910230279	0.000248837106630696
CPT1C	126129	0.728570132828002	0.00823507553919666
CPXM1	56265	2.47786348785612	2.76036137932659e-11
CRABP1	1381	-1.1275227637405	0.00415760024195968
CRABP2	1382	2.05155238648818	2.27668795919135e-06
CREB3L3	84699	-1.3628452888576	0.000475730989762203
CREB5	9586	1.07664137104594	0.000398254995307
CRTAM	56253	0.58809144385379	0.0161279414806486
CSF2	1437	4.08697926101412	1.05247029673237e-11
CSF2RB	1439	1.02580310441872	0.000924384937754023
CSF3	1440	7.38993310897425	1.83122086047654e-20
CSF3R	1441	3.04580294393282	3.34634147107176e-12
CSGALNACT1	55790	1.04914543892809	0.000528287739523776
CSMD2	114784	1.23211128848247	0.000769875338619585
CST7	8530	0.865065865507206	0.000825580645853812
CTHRC1	115908	2.16307834998838	3.67143219619549e-08
CTLA4	1493	1.07993265032454	0.00689526674008859
CTNNA2	1496	-0.651194364116528	0.0136555040507604
CTSK	1513	1.10788318882494	0.00018666806711546
CUBN	8029	-4.1701358430088	2.11931914364461e-18
CXCL1	2919	3.8580150529092	5.4963883768099e-18
CXCL10	3627	3.06606157756883	8.0851101206099e-13
CXCL11	6373	3.67051517484177	5.61138694418302e-15
CXCL17	284340	6.42000236065827	2.24948722851693e-11
CXCL2	2920	2.99210478136249	1.57426280942189e-12
CXCL3	2921	2.94180795000756	2.79458606767896e-12
CXCL5	6374	5.85927066990539	1.02955551268441e-22
CXCL6	6372	3.47346277928164	3.33195814630653e-15
CXCL9	4283	3.02580948978342	4.76656391401367e-11
CXCR1	3577	6.02085019588759	6.48017532479837e-21
CXCR2	3579	4.41166350917799	6.17831922938397e-17
CXCR2P1	3580	1.67841201535295	5.30310080955004e-07
CXCR6	10663	0.870940470679817	4.01643649355661e-05
CYBRD1	79901	-0.846076176763128	0.000876611964418861
CYP1B1	1545	0.771547639142767	0.0108191792654689
CYP26B1	56603	0.978555909438721	0.0100750293637174
CYP27B1	1594	1.25617691855331	1.72802113952679e-05
CYP2B6	1555	-0.990633645986454	0.00178565909997019
CYP2C18	1562	-0.626481650205853	0.026039110082464
CYP2C19	1557	-1.84626493595807	1.9345328862508e-06
CYP2C8	1558	-0.944409860758706	0.0224280536096769
CYP2C9	1559	-2.55451350742782	1.17911931414583e-08
CYP2D6	1565	-1.75101386505252	1.59779430661587e-05
CYP3A4	1576	-3.16874437135654	9.70965722518808e-13
CYP3A7	1551	-0.83771496971206	0.00654011165295061
CYP4F2	8529	-2.72083169985087	2.47002804831143e-10
CYP4X1	260293	0.811352721319224	0.000116353143471731
CYP7B1	9420	1.03750734795992	0.00149139162913729
CYSLTR2	57105	0.689775966242024	0.00309988209301802
CYTH4	27128	0.623237763568973	0.009198270392628
DAB1	1600	-2.51894195494128	1.07967358454154e-09
DACT2	168002	-0.759119339501476	0.00803008370633979
DAPP1	27071	1.14782909060801	4.80517029506328e-05
DCHS2	54798	-0.635012512597961	0.0124600607888469
DEFA5	1670	-1.5595857510293	0.00179484474402634
DEFA6	1671	-1.50069529716238	0.00335545373023334
DEFB4A	1673	8.99350409329865	1.86121797894526e-19
DERL3	91319	1.06861226266595	0.000387138979307844
DHDH	27294	-2.46633913479334	4.72926487405332e-10
DIO2	1734	0.824160283017014	0.0140726347860227
DIRAS2	54769	-1.26135266242253	0.00150012348548409
DKK1	22943	0.874003102310453	0.0228797298747531
DMBT1	1755	2.2732892626547	4.52297149047004e-08
DMRTA1	63951	-0.896424324706126	0.00145196237484417
DNAJC5B	85479	0.645308387583672	0.0296536350337477
DNASE1	1773	-0.85694461421857	0.000238021752876367
DOC2B	8447	1.69341449680038	1.26086719653897e-07
DOK2	9046	0.604369766800264	0.00245631046195237
DOK3	79930	0.611477894307744	0.0483200061154131
DPEP1	1800	-3.48707238531189	1.18914971490775e-11
DPP4	1803	-0.806288335136466	0.00125050825501
DRAM1	55332	0.795303157420646	0.000225789718620992
DSG3	1830	1.21414694445192	0.00567481623780788
DUOX1	53905	1.0383072289957	0.000253636685160429
DUOX2	50506	3.22613829734003	1.19999263858904e-09
DUOXA1	90527	1.37852489559131	0.000121753349177579
DUOXA2	405753	5.87866489274551	3.7587027357616e-22
DUSP14	11072	0.595885443983521	0.00240806544541791
DUSP4	1846	0.840852281588161	0.000823885422102287
DUSP5	1847	0.647437856372974	0.00366710530694296
DYSF	8291	1.1624450611801	1.33804141508183e-05
EBF3	253738	1.24911691916106	0.00076005582896135
ECSCR	641700	0.724654381348754	0.00276198446341896
EDN2	1907	-0.937137033238764	0.00365468769309152
EDNRA	1909	0.944477654445693	0.00187297398114829
EFR3B	22979	-0.735750690003192	0.000189570000146865
EGFL6	25975	4.1251275750827	3.20748489504357e-15
EGFL7	51162	0.604830661142156	0.00587396441795099
EGFR-AS1	100507500	-2.52350631525238	1.97533539149247e-11
EGLN3	112399	0.682531737525953	0.000927455718998212
EGR2	1959	1.13049238729516	0.000151808735789807
EGR3	1960	1.07536252472531	0.00145539186096441
EHD3	30845	0.584067217947917	0.0223009788287647
EIF3CL	728689	0.61937703869791	0.0169410254643022
ELOVL2	54898	1.2178738225575	0.00129434751541093
ENG	2022	0.656676034350935	0.00353948124748013
ENKUR	219670	2.12755138315341	3.93017795068067e-09
ENPEP	2028	-3.95744032406966	9.11993784434687e-19
ENPP7	339221	-2.75311928789149	5.16162558396647e-08
ENTPD3	956	1.14399795345863	0.000324482687473787
EPHB1	2047	1.4667432656004	7.65197731075123e-06
ERAP2	64167	1.26209493772324	0.0005639716455563
ERP27	121506	0.663322122921639	0.0138007958135668
ESM1	11082	1.25483885807856	0.00106826258852736
ESPNP	284729	-1.04388897023818	0.00733858066921855
ESRRG	2104	-1.2387872523516	1.98678860164247e-05
ETV7	51513	1.02540855025825	1.27189818395133e-07
EVA1A	84141	1.02742540292422	0.000578937129673312
F13A1	2162	-0.637519963749369	0.0218003953227756
F2RL2	2151	0.862658572981143	0.00752393430192754
FABP6	2172	-4.37353451598568	1.43764669599367e-13
FADS1	3992	1.02330831695546	0.000184946967882074
FADS2	9415	0.628249749069599	0.0386134850179898
FADS6	283985	-1.55923133804889	0.000498114051744817
FAM151A	338094	-1.86580567898366	2.27638976407409e-05
FAM167B	84734	1.105297273957	4.4475844066902e-06
FAM169B	283777	0.819386315659814	0.0451148450797894
FAM20A	54757	1.91973876875098	2.53957077973096e-07
FAM225A	286333	1.13102150349087	0.000479815012962548
FAM83A	84985	3.30161425443434	9.21966226315132e-12
FAP	2191	3.0899946004065	2.76032732148637e-11
FBN1	2200	0.631036617539861	0.0171201224202151
FBXO6	26270	0.866653711790079	3.07174229758191e-08
FCAR	2204	6.05330663394062	3.77634254146407e-16
FCER1A	2205	-0.674598585948265	0.00702356232704704
FCER1G	2207	0.684519193552381	0.00476881516271305
FCGR1A	2209	2.13615924774308	4.21580058525747e-08
FCGR2A	2212	0.935251692469237	0.00446667346878603
FCGR3A	2214	1.92116487022869	1.90876501696425e-07
FCGR3B	2215	6.23678038260276	2.23838517854747e-25
FCN1	2219	3.09278531891052	3.89081211121741e-11
FCN3	8547	3.39867137497478	1.21851936495545e-10
FCRL5	83416	0.84813730052316	0.022273248417492
FER1L4	80307	1.49415379941885	5.07555083030297e-05
FFAR2	2867	2.59295491898482	1.24049649674507e-12
FGF10	2255	1.31651258571827	0.000331722909348202
FGF7	2252	0.889931718787645	0.00652627937198104
FGF9	2254	-0.75429140825934	0.000350271554373055
FGFBP1	9982	0.726295992807861	0.0448336635318741
FGR	2268	1.46547447002614	5.01404719970958e-06
FHL5	9457	0.70112480157448	0.00812231780426361
FIBIN	387758	1.54059923948433	7.78278635920469e-05
FJX1	24147	1.30136410755083	0.00019851172262411
FKBP10	60681	0.62117446358462	0.00747868369627901
FKBP11	51303	0.824298854307661	5.65067731880699e-05
FLNC	2318	0.601077346752004	0.0225007480922906
FLVCR1	28982	-0.917309033206097	5.73847139583389e-05
FMNL1	752	0.598819399072841	0.0214624712144071
FMO1	2326	-2.05680584921658	0.000363693424151758
FMO2	2327	1.94547730783164	1.40326769460288e-05
FMO3	2328	1.93868736870447	7.27901203338483e-06
FNDC4	64838	0.63742392957478	0.0186148872969994
FOLH1	2346	-1.49952955698871	0.00214706146827292
FOSL1	8061	1.85804064433674	6.0391302375574e-05
FOXC1	2296	0.674182652352335	0.00723857353849539
FOXP3	50943	1.16552831167506	0.000946283061035744
FOXQ1	94234	1.5137338624289	0.000131183780042524
FPR1	2357	4.05700001325411	2.77400897351019e-16
FPR2	2358	5.67377341253871	3.71134414595365e-21
FRAS1	80144	-0.580062179205514	0.0157197691959888
FREM1	158326	-1.25572753272557	1.10490533214648e-05
FREM2	341640	-0.777846848029481	0.00314246387803321
FRMPD1	22844	-0.678778223649708	0.0451432416084588
FSCN1	6624	0.634861686639084	0.0195750020868777
FSTL1	11167	0.672408575550795	0.00489484107343821
FUT7	2529	1.02449059959912	0.00498447569559779
FZD10	11211	0.685626454555124	0.0218312914280974
G0S2	50486	1.53187646678335	5.45297242942309e-05
GABRA4	2557	0.738462262614643	0.00789620939841012
GABRB3	2562	-0.788806333446386	0.0125625806970535
GALNT13	114805	-2.22648119240778	2.74140225842599e-10
GALNT14	79623	-0.83411720553467	0.0161904709733477
GALNT15	117248	1.25613166572377	0.000385261025404051
GALNT18	374378	0.604367618088343	8.79114439066902e-05
GALNTL6	442117	0.814095558535702	0.030479310556236
GAPDHP40	100131743	0.720274084842099	0.010965174615588
GAPDHP63	442231	0.61746134661051	0.00205589948125648
GAS1	2619	2.99343777998339	2.72973597508794e-09
GATM	2628	-0.912945429737449	9.60596797703618e-05
GBA3	57733	-1.85644823542209	3.42026713207648e-07
GBP1	2633	1.99046392183007	2.15562838838087e-12
GBP1P1	400759	1.65328638814177	7.24710857532632e-07
GBP2	2634	0.883662668343559	6.01078061748568e-08
GBP4	115361	1.41481203480986	2.77960333652472e-07
GBP5	115362	2.15215986694309	3.6066179450416e-09
GCNT4	51301	-1.28996430037268	9.75936707834023e-06
GFPT2	9945	1.31962051441462	0.000478323338745266
GFRA1	2674	-0.593071947922116	0.0183615702965351
GJA4	2701	0.871156207049145	0.00355551439388757
GJA5	2702	1.51130571050687	1.46190704925859e-06
GJB5	2709	1.25447460593326	0.0247557182246957
GJC1	10052	0.917442216406654	0.00226762647195649
GJD3	125111	0.945921114307164	0.000255752096740849
GLRX	2745	0.591469194516518	0.00102933393893284
GLT1D1	144423	2.83296633401747	4.68883927855898e-08
GLYATL1	92292	1.63143721460262	3.46677032852738e-06
GMPR	2766	0.749701615261141	2.47846936313161e-05
GNA15	2769	1.20375288767042	4.35669048611486e-06
GNG12-AS1	100289178	-0.664247104650695	0.0131637774610747
GNG4	2786	-0.74367183332701	0.00497515363448632
GNLY	10578	0.769829813039585	0.00331450862616291
GOLT1A	127845	-0.916439027674038	0.000140686447012372
GPD1	2819	-1.74595602621562	3.42543790339921e-08
GPR132	29933	0.691284277679706	0.00813288242863941
GPR141	353345	0.680098628730879	0.0109369514938755
GPR171	29909	0.688396768895166	0.000771342596109515
GPR176	11245	0.943992711252041	0.00306097478022282
GPR4	2828	1.21256297537529	0.000180187390814077
GPR68	8111	0.726080338143092	0.00233604074443305
GPR84	53831	2.49392491213501	1.2323605833043e-07
GPX8	493869	0.670139981787753	0.0013847877449011
GRAMD1B	57476	-0.919253488797231	0.000884363543766031
GREB1	9687	0.744235743724369	0.0164215512620163
GREB1L	80000	-1.54558962812627	3.061249155389e-06
GREM1	26585	0.943965731556788	0.0185954300890206
GRHL1	29841	0.768461703076729	0.00112404573485102
GRHL3	57822	2.03544798673569	1.18388138051567e-09
GRIA4	2893	-0.717002171564517	0.00430779539271633
GRIK2	2898	-0.840050257414893	0.000888247553493114
GRIN2D	2906	1.24208994550114	7.28115712205411e-05
GRIN3A	116443	1.43663334417487	1.1233926053878e-05
GSTA1	2938	-2.78743609506742	6.17406973390517e-13
GSTA2	2939	-3.98219235522939	7.73580177187677e-15
GZMB	3002	2.46518052455594	9.38057189400163e-11
GZMH	2999	1.44282966602015	2.28216329604382e-07
H19	283120	1.53886873790135	6.06705110301226e-05
HAL	3034	0.729646961015548	0.00704523447540285
HAPLN3	145864	1.9936306034919	1.7326807978368e-07
HBEGF	1839	0.74964062809064	0.032284120624925
HCAR2	338442	5.03500767026566	4.6225646488383e-22
HCAR3	8843	6.48155141526882	1.94408024429759e-27
HCK	3055	0.682612045450473	0.00148990359804546
HEBP1	50865	-0.718277462166629	9.30550788371697e-05
HELZ2	85441	0.618209691612775	0.000317866827804004
HGF	3082	1.11269525506562	0.000312792579035548
HIF1A	3091	0.662253888262386	0.000194962543209201
HK2	3099	0.719075258943262	0.0106674636088159
HK2P1	642546	0.832315409439622	0.000245283834434148
HK3	3101	1.85449692562799	2.8847636269452e-09
HLA-DQB1	3119	0.58416326773032	0.0302761672193038
HLA-F	3134	0.855914738210479	1.21196313078271e-06
HLA-H	3136	0.803968577666948	0.00345862777554358
HLA-L	3139	0.981220089726551	0.000164180970055248
HMCN2	256158	0.665945571181158	0.000820252032769608
HNRNPA1P21	344697	1.18616081371369	0.000146801737190959
HOXC11	3227	-1.55087725459884	0.0039680982681288
HOXC6	3223	-1.03745074088652	0.0022846255694068
HOXC8	3224	-1.00578108999645	0.007883782571688
HRH2	3274	1.47927592181344	5.46086711111287e-05
HRH4	59340	1.55132763633738	7.93044841505843e-06
HRK	8739	-0.769689364250388	0.0126640404391227
HSD11B1	3290	1.861237383056	4.52265247565092e-06
HSD3B1	3283	-1.92708145903666	6.09518284426923e-06
HSPA12B	116835	0.600233237221443	0.0051976985670775
HSPA6	3310	0.838020345000858	0.00810572410676289
HSPB7	27129	0.785950213246297	0.00666861244016067
HTR1D	3352	-1.1970727964002	0.00233533953634974
HTRA3	94031	1.13931941421078	0.000232606721687434
HTRA4	203100	1.28233442254722	0.00121470771039311
HYAL1	3373	0.960789098158857	6.20239007336469e-05
ICAM1	3383	1.4568036507494	3.68724059789857e-07
ICAM4	3386	0.58289319083124	0.0246353188715404
ICOS	29851	0.673941216842901	0.0435183202360684
IDO1	3620	3.58045525328504	2.10988017996544e-16
IDO2	169355	1.14649674084541	0.0027944101610103
IFI44	10561	0.753461275696678	0.000322569789248467
IFI44L	10964	1.13163718294333	0.00012463445712508
IFIT2	3433	0.695018014474531	0.000303719456749095
IFIT3	3437	1.20323477592169	1.62539712704254e-07
IFITM1	8519	0.942238704913189	7.95561982951684e-06
IFITM2	10581	1.06103646969661	1.14082541526071e-05
IFITM3	10410	1.00861057738228	3.39174434679979e-06
IFNG	3458	3.29823983799183	1.62764982039496e-11
IGDCC4	57722	0.618801097551663	0.0241162424581673
IGF2BP3	10643	0.932743365455181	0.036434593548931
IGFBP5	3488	1.36170764974963	2.80369805780502e-05
IGFLR1	79713	0.729405686527256	0.014208221516748
IGHG1	3500	1.71754814589745	0.000359978382991323
IGHG2	3501	1.74801290863173	0.000256112644580828
IGHG3	3502	3.03132309043334	8.72162579635075e-09
IGHGP	3505	2.34890395546479	6.56980138539203e-06
IGHJ2	28481	0.904632909424326	0.040531189797657
IGHJ3	28479	1.25983271398167	0.00179217831213439
IGHJ4	28477	1.0102737055421	0.0119713336096251
IGHJ5	28476	0.963231076457441	0.00656952581963019
IGHJ6	28475	0.982313270139888	0.00396872245608614
IGHM	3507	1.73458409081979	1.52645809182921e-05
IGHV1-17	28469	0.891436297718078	0.0348305986059181
IGHV1-18	28468	0.80598345302004	0.0198798232762984
IGHV1-24	28467	1.86092155257455	1.2615811242897e-05
IGHV1-3	28473	0.97046184799412	0.0365835313087055
IGHV1-46	28465	0.737055627171847	0.0388785389960369
IGHV1-58	28464	1.21657173112139	0.00327856942316609
IGHV1-67	28463	0.929455485720627	0.014416147457181
IGHV1-69	28461	0.888537585146832	0.0204054269232724
IGHV1OR15-3	646370	1.00874790994937	0.0207717163308463
IGHV2-26	28455	1.37337300138494	0.000417453574282036
IGHV2-70	28454	1.0220629465906	0.00948914432178649
IGHV3-13	28449	0.878147229452426	0.0398872393210154
IGHV3-15	28448	1.35499191021296	0.000294355570131269
IGHV3-21	28444	0.890191903893386	0.00625977323673343
IGHV3-23	28442	0.905723518145889	0.00717802755669807
IGHV3-33	28434	0.682829690862128	0.0394809710381089
IGHV3-43	28426	1.00108012120223	0.0188828554613206
IGHV3-49	28423	0.912253983695999	0.0120282569371206
IGHV3-64	28414	1.16187499023972	0.00819604937282674
IGHV3-7	28452	0.973412790811797	0.00367807884046653
IGHV3-71	28411	1.03918448661157	0.00477276460457562
IGHV3-72	28410	0.993793565111901	0.00427574768516232
IGHV3-73	28409	1.17326507069416	0.00170811274989607
IGHV3-74	28408	1.51298099661255	9.83568642465631e-06
IGHV3OR15-7	28318	1.10005114785888	0.00337629341311548
IGHV3OR16-10	28306	0.984517727479987	0.0039114185439656
IGHV3OR16-12	28304	1.11824010901271	0.00337386954664384
IGHV3OR16-13	100287372	2.15974380951047	1.15330062414618e-05
IGHV3OR16-15	28300	1.28011834077312	0.000891082083664728
IGHV3OR16-6	647187	2.01880146172103	5.19989958781859e-05
IGHV3OR16-8	388255	0.849919550896693	0.013945318522867
IGHV3OR16-9	28307	0.880326422864228	0.00798896758183536
IGHV4-28	28400	1.45495492175489	8.36326043393796e-05
IGHV4-34	28395	1.41952487970221	0.000349701729158361
IGHV4-39	28394	0.809822195395146	0.0241666460950993
IGHV4-59	28392	0.692495206956437	0.0294044050167263
IGHV4-80	28390	0.961184861044794	0.0293010678430719
IGHV5-51	28388	0.881194852207578	0.00744218819861647
IGHV6-1	28385	1.39754202081636	0.000182069319642623
IGKJ3	28948	1.12098773254606	0.00220739084044005
IGKJ4	28947	1.58468577271303	0.000161395911071486
IGKJ5	28946	1.17693507076803	0.00163851983776982
IGKV1-12	28940	1.06384600328345	0.00185068928281882
IGKV1-16	28938	1.15206304554066	0.000806254001257451
IGKV1-17	28937	0.975053296066211	0.00575708677832122
IGKV1-27	28935	1.03663312710788	0.00312997487092482
IGKV1-33	28933	0.929314880636012	0.0381557977317092
IGKV1-39	28930	1.2330218780877	0.00767465016229071
IGKV1-5	28299	0.907131894609308	0.00648522179376489
IGKV1-6	28943	1.16822384200748	0.00117644198956487
IGKV1-8	28942	1.59262693847	4.04600652894067e-05
IGKV1-9	28941	1.09938885210239	0.00183871677422292
IGKV1D-12	28903	1.14356303895928	0.00411164802690114
IGKV1D-16	28901	1.41391383098129	0.000325949394109942
IGKV1D-39	28893	1.25375730747256	0.00617055942242759
IGKV1D-43	28891	1.40280207574539	0.00155659622032707
IGKV1OR2-108	28862	0.75071170410295	0.0486552925277408
IGKV1OR2-6	28865	1.12004803364276	0.00603659788102487
IGKV2-24	28923	0.976845918820467	0.00891256409382897
IGKV2-26	28922	1.04741824282357	0.00520881389562369
IGKV2-28	28921	1.1534163794169	0.00544103447689985
IGKV2-30	28919	1.02843333750823	0.00327005429478746
IGKV2D-24	28885	1.18041441260042	0.00298702003998095
IGKV2D-28	28883	1.83523299167272	0.000304907739730781
IGKV2D-29	28882	1.21499382627461	0.00232469294422696
IGKV2D-30	28881	1.46277688548465	0.00139209980328557
IGKV2D-40	28878	1.39138628596362	0.00244124834585843
IGKV3-11	28914	0.913027970440361	0.00586304274689016
IGKV3-15	28913	0.910241584593046	0.00982003575870412
IGKV3-20	28912	1.07677224355255	0.00115434128531424
IGKV3-7	28915	0.968240566478795	0.00664149828891566
IGKV3D-11	28876	1.17163901463528	0.00181540562372838
IGKV3D-15	28875	0.650837394908533	0.0420382991438815
IGKV3D-20	28874	1.19730756251251	0.000876102150125951
IGKV3OR2-268	3523	0.748741776941693	0.0351190144343325
IGKV4-1	28908	1.07520535265894	0.00140197609186659
IGKV5-2	28907	1.11131782808271	0.00212556814083049
IGKV6D-21	28870	1.29428353206947	0.00100040599551275
IGKV7-3	28905	0.997108615697218	0.00658150907672166
IGLJ2	28832	1.16138677562186	0.00988690146844677
IGLJ3	28831	1.46398453236839	0.00115605794957872
IGLL5	100423062	0.749091145632901	0.0297899261332727
IGLV1-40	28825	0.760127790653869	0.0293420647181067
IGLV1-41	28824	1.57983378782506	0.000638018869334075
IGLV1-50	28821	1.02413756639093	0.0108574922341876
IGLV1-51	28820	1.28371242862401	0.000938491814005949
IGLV2-11	28816	0.745416095615347	0.0260497800987914
IGLV2-14	28815	0.744988076944898	0.028745752869046
IGLV2-18	28814	0.872370123281546	0.0228771804825852
IGLV2-23	28813	0.665733178088951	0.0454873484826171
IGLV2-5	28818	0.753818368411716	0.0382750358916105
IGLV2-8	28817	1.19667597893662	0.00114812232587146
IGLV3-21	28796	0.876889933441032	0.0175526659152779
IGLV3-9	28804	1.06616345342931	0.00883979012987091
IGLV5-37	28783	1.79819591599007	0.000177890591600207
IGLV5-45	28781	1.00634240587077	0.00811657884446617
IGLV5-48	28780	1.49062706733029	0.0011790869353214
IGLV8-61	28774	1.3437477482895	0.00111306158249795
IGLV9-49	28773	0.90721170866695	0.0407951183482358
IGLVI-70	28763	1.42746531208218	0.00239623643749605
IGSF10	285313	-0.678904537326337	0.00133642453174665
IGSF11	152404	-0.586087075770153	0.0264982122906345
IGSF23	147710	-2.6299166956617	4.65447340224378e-08
IGSF6	10261	0.857475273641632	0.000517014939992904
IL10	3586	0.98977649187994	0.00120548468601064
IL11	3589	5.70918691072696	2.06818248297557e-15
IL12RB1	3594	0.682986369840086	0.00215757496721103
IL12RB2	3595	0.990709689182327	0.000128662972219099
IL13RA2	3598	2.69743264038585	4.09125912026767e-08
IL15RA	3601	0.747342068399458	1.25374564312186e-07
IL17A	3605	4.38568704340816	1.53173999149984e-14
IL18RAP	8807	1.25176742603779	3.76734357411019e-07
IL19	29949	2.32185109280113	6.83447404721109e-06
IL1A	3552	3.41077789065444	7.50550941098296e-10
IL1B	3553	3.7936890513951	7.17069822533656e-13
IL1RN	3557	2.71184767746856	6.55782740496876e-10
IL21R	50615	0.8580958223403	0.0228004599201661
IL23A	51561	1.98940068222698	5.66409221351345e-06
IL24	11009	8.78136761391362	2.40024633989372e-16
IL2RA	3559	1.29761155701183	0.000193060658225763
IL31RA	133396	1.20578359661541	0.0025621186576202
IL4I1	259307	1.21464012249376	0.000320662111532136
IL5RA	3568	0.728190910674585	0.0104203537909451
IL6	3569	4.9055795487044	2.67533905715794e-14
IL7R	3575	0.825086802298297	0.00562138612508675
INHBA	3624	4.34994984298546	7.9299348528774e-16
INHBB	3625	0.838263778631549	0.00508062619971238
INSC	387755	0.942803198529608	0.000387181857005397
INSIG1	3638	0.706486192792222	9.47057827874541e-06
IRAK3	11213	0.603005035058056	0.00722156169776044
IRF1	3659	1.05997903804488	4.01675128257478e-10
ISG15	9636	0.745613782971985	0.00298226105594073
ISG20	3669	0.939468241114849	4.89211008049964e-06
ITGA5	3678	1.22695278257688	1.18595700241639e-05
ITGAX	3687	1.14424550426474	0.000948843100664896
ITGB2	3689	0.728685388425146	0.00405742131979661
ITIH3	3699	-1.92787304604674	4.36806767766846e-05
ITLN1	55600	0.587668004512033	0.0388876951111322
ITLN2	142683	-1.36596135378947	0.0136961255405209
JAKMIP1	152789	1.11104649154376	0.000707510728483241
JSRP1	126306	1.33675200861773	0.00026325376538705
JUNB	3726	0.783563318775979	0.00103124555480054
KCND3	3752	1.84456165126962	1.02427882748518e-09
KCNE4	23704	0.629726996274473	0.00189453454097023
KCNH6	81033	-1.02327133821115	0.000671345950782691
KCNJ10	3766	1.53075239666815	0.000529302786195049
KCNJ13	3769	-3.44339661981502	7.11415664226993e-10
KCNJ15	3772	4.98797683368969	2.14887741345938e-17
KCNJ3	3760	-1.11199021451873	0.000128724758225234
KCNJ8	3764	0.922771481504212	0.00147937814892294
KCNN3	3782	0.597461184450083	0.0175504163783731
KCNS3	3790	0.694116077334964	0.0046413942981068
KHDRBS2	202559	-1.52852202814631	3.95973824152447e-05
KHK	3795	-1.72447204021955	2.7399691868348e-09
KIAA0319	9856	0.706309093540422	0.00193729835156595
KIF26B	55083	1.32045038989486	4.86454579056171e-05
KIF5C	3800	-0.599970597626931	0.0126405327770413
KIFC3	3801	0.6442474891459	0.00935097420299868
KLHDC7B	113730	1.01317782546701	0.00072494956462624
KLHL5	51088	0.619589613202828	0.0073746359483209
KLK10	5655	3.50896189373348	1.41108654197816e-11
KLK11	11012	0.826399575361285	0.00100561410763053
KLK12	43849	1.02501902239656	0.00154352305636908
KLK6	5653	6.87625873408453	5.37047161982218e-09
KLK7	5650	3.68591009578425	0.00263076502055975
KMO	8564	0.695987397461625	0.0344833826848907
KRT18P1	3879	0.603752555013283	0.0356507205458155
KRT19P1	441160	0.90598157781514	0.00324884367934688
KRT2	3849	1.41911650355557	2.46760908549697e-05
KRT23	25984	1.89168597578171	1.1672436005738e-05
KRT6A	3853	6.45510052001058	4.73474462934452e-08
KRT6B	3854	4.3343626465854	7.51727381101526e-07
KRT7	3855	2.37265004520598	1.10858387264935e-08
KRT80	144501	3.01190136787117	6.48383768575258e-13
KRT8P48	100887067	0.706220623584594	0.00589115390112194
KRT8P49	643447	0.62701052016867	0.0176217007456189
KYNU	8942	1.86927931862161	6.07587104399033e-07
L1TD1	54596	1.53811240956868	0.000357782433921074
LAG3	3902	0.815749852839809	0.00077486720321544
LAIR2	3904	1.29533076689979	0.00124003861331244
LAMC2	3918	0.711445497346404	0.00209853096728226
LAMC3	10319	1.08484434393549	0.00596661161600238
LAMP3	27074	1.28047712501614	0.000311014893884637
LAX1	54900	0.991149454717339	0.00178435389390977
LCN2	3934	2.67962484380898	1.58146357340783e-09
LCP2	3937	0.77392863247889	0.000765833702263646
LCT	3938	-1.1846424148405	0.0159523612635568
LDB3	11155	0.633727240368011	0.0295622454323814
LDHAP3	442013	0.753999870438467	0.00355687001745239
LDHAP7	100190800	0.597845331313675	0.00241121212016533
LDLR	3949	0.649801438157572	0.00146396988978112
LDLRAD2	401944	1.03425879531502	0.000791503838261672
LEAP2	116842	-0.688845973118437	0.0160081736526397
LGALS12	85329	1.52306226481209	3.42029719177893e-05
LILRA1	11024	1.56843826864204	3.493392951172e-06
LILRA2	11027	1.76009294683081	1.40111263000691e-05
LILRA3	11026	4.26412883564325	4.55410947041344e-14
LILRA5	353514	2.37590113654383	9.20287378012229e-09
LILRA6	79168	1.57408281794778	6.709166238745e-05
LILRB1	10859	0.868915711696412	0.00221343066377187
LILRB2	10288	1.52755188054849	2.93705435342315e-06
LILRB3	11025	2.07763742035487	4.32488981681927e-06
LILRB4	11006	1.16674098803653	0.000420713926134961
LINC00114	400866	1.35213709818327	7.65588385524789e-06
LINC00330	144817	-2.23335539468192	3.51636311922361e-05
LINC00479	150135	-1.29217259822075	0.00357893115076233
LINC00488	677779	-1.20685545269512	0.00486167519839303
LINC00582	100287814	0.921051849664591	0.0156880660078425
LINC00702	100652988	0.766954732034319	0.00859485513903729
LIPG	9388	0.940383012776817	1.24591363223224e-06
LOXL2	4017	1.26872933576747	1.02502657038163e-05
LPAR3	23566	0.598178012143355	0.0401626516810126
LPCAT1	79888	0.984808786640018	1.35844144554369e-06
LRAT	9227	-3.45486037696453	1.09581505053406e-14
LRG1	116844	0.86639977259052	0.000696795207513593
LRP8	7804	1.08620680457659	2.1425924021873e-05
LRRK2	120892	0.88389753376049	0.00460727905597896
LRRN2	10446	-0.651439870963532	0.0425471533884411
LRRTM1	347730	-0.938334253252847	0.000254913717200393
LRRTM2	26045	0.653322932175267	0.00874152047809283
LST1	7940	0.739987452048513	0.000711368613098317
LTBP2	4053	0.688282459069867	0.021845307581172
LUM	4060	0.72445209286545	0.0104649737039322
LY6D	8581	6.94193761290136	1.27899285307824e-12
LY6E	4061	0.667164211989956	0.00240711947581431
LY96	23643	0.635699253756184	0.0107602788526044
LYN	4067	0.589685146233641	0.000421827594912634
LYPD1	116372	2.30558868090875	1.12123756315999e-05
LYPD5	284348	2.2555989007988	8.76910595103521e-11
LZTS1	11178	1.17502445372937	4.07800318470315e-05
MAF	4094	-0.599468023811305	0.00912413729840312
MAFF	23764	0.969332352449871	8.14386577924571e-05
MAOB	4129	-1.20328182984827	2.74360880403927e-06
MAP3K8	1326	0.832346114412592	8.14338382434046e-06
MAP7D2	256714	-0.706129201882954	0.00275122969914939
MAPK11	5600	0.811720951236196	0.00148868675848491
MAPK12	6300	0.606190627318382	0.00291476976543998
MARCO	8685	1.72653154711366	0.00127046477433547
MASP1	5648	1.46756127214882	0.000494826787017627
MCAM	4162	0.734421620761817	0.00164956295485474
MDFI	4188	2.01306905970698	3.43094248472983e-09
ME1	4199	0.631411023429845	0.00154450008227031
MEDAG	84935	1.92981070174444	2.65468529462494e-06
MEFV	4210	2.2085529153304	7.41221350983516e-09
MEI1	150365	0.69801263294259	0.00750512919243226
MEOX1	4222	0.914546284555226	0.000988110294703701
MEP1B	4225	-3.88966376994663	2.07612681455398e-14
MFAP2	4237	0.883670940211757	0.0017547654946943
MGAM	8972	-3.40467711892903	1.69003982987457e-14
MGP	4256	0.810441196295394	0.00297704414973636
MIAT	440823	0.839442360756201	0.0111933789861907
MICB	4277	0.670142763213439	0.00170448012935969
MIR146A	406938	0.801588538605699	0.00435824305549972
MIR210HG	100506211	0.596157794829858	0.000373263200301479
MIR223	407008	1.38029916254737	0.00014816403080683
MLC1	23209	1.15239310334937	0.00154425225036207
MME	4311	-1.84809092452143	1.18081853686834e-06
MMP1	4312	5.49372871305512	3.32813967511787e-19
MMP10	4319	5.27803551414258	3.79924825543383e-19
MMP12	4321	1.90269704802339	3.16552412166231e-06
MMP13	4322	5.18785625944136	6.97569750824452e-13
MMP19	4327	1.1897789283098	9.79522110440394e-05
MMP2	4313	1.03484158985172	0.00113531656307417
MMP24	10893	-0.776953274925856	0.00442039184468434
MMP25	64386	0.818960828746237	0.00172042061355267
MMP3	4314	6.68452260226818	3.60195160861158e-24
MMP7	4316	5.13071773566814	3.09794388348353e-17
MMP9	4318	1.138753860594	0.00187475541491125
MNDA	4332	1.57153062183451	6.05854702465851e-06
MRAP2	112609	0.698545717478414	0.000215109477868572
MRAS	22808	0.689008454557009	0.00283983909888421
MRGPRF	116535	0.616132502117408	0.0237110138879756
MRO	83876	-2.01810927816123	5.69831032334717e-08
MROH6	642475	0.733980385211374	0.000127063185705645
MS4A10	341116	-3.82087064112124	1.0462150767687e-15
MS4A8	83661	-0.857688906816861	0.00168563993902195
MSC	9242	0.934328139205886	0.00157731973864611
MSI1	4440	-0.714249804770598	0.000297335631406433
MSX2	4488	1.77331316976268	1.41321912776077e-05
MTND6P4	106478943	1.46298017887469	0.000152177760127065
MTNR1A	4543	0.936318520449676	0.000480252707965143
MTTP	4547	-4.08552234741514	1.10053099655079e-15
MUC17	140453	-0.991519709168422	0.00128155581035161
MUC5AC	4586	2.78655394252314	5.85208787065685e-07
MVD	4597	0.687532351408642	9.48870705850933e-06
MYEOV	26579	1.80696947293953	5.6172897390842e-06
MYO1F	4542	0.770084206549689	0.000625828900083783
MYO1G	64005	0.614444955436751	0.014123919280739
MYRFL	196446	-2.14744072995243	2.56217721921308e-07
MZB1	51237	1.10595464922269	0.00118866756033354
NAALADL1	10004	-1.21591311471553	0.00019999688207321
NAMPT	10135	1.13542301134947	5.5646794010275e-06
NAP1L2	4674	-0.770965422660057	0.000170667852800937
NAT8	9027	-3.39559850120357	1.52479761085887e-09
NCF2	4688	1.42424574840666	3.64050956956455e-07
NCOA7	135112	0.855486979690321	2.30536852839862e-05
NDUFA4L2	56901	0.707113582804454	0.00879503954817223
NELL2	4753	-0.940791938091038	0.000389934343506549
NFAM1	150372	0.861197113268311	0.000935150524387639
NFE2	4778	3.02519904954805	3.49032194946861e-09
NFKBIZ	64332	1.30981293976677	2.83065822613915e-09
NHSL2	340527	0.606481906147139	0.0272791261920594
NKG7	4818	0.811694320920698	0.000135643726459243
NLRC5	84166	0.847011884239371	2.31559767903533e-07
NLRP12	91662	2.70398049686035	7.32667260722459e-10
NLRP3	114548	0.634368237337261	0.0149891977472674
NLRP6	171389	-1.74788646374	5.92332390419603e-07
NLRP7	199713	1.29836677766808	0.000810676143830877
NNMT	4837	1.36385074902026	7.12315121737142e-05
NOD2	64127	0.738872155353201	0.00739682312287644
NOS2	4843	2.58998375755948	5.5237187410325e-10
NOTCH3	4854	1.06280090344031	0.000508237556309397
NOTCH4	4855	0.60685751036059	0.00315492130427762
NPC1L1	29881	-2.83736575484536	3.30024175731464e-08
NPFFR1	64106	0.920554040189346	0.0141920086814953
NPSR1	387129	4.14445713463548	2.76859395622032e-07
NPY	4852	-0.889906867429407	0.0081039550352088
NPY6R	4888	-0.687357055404333	0.0135549199357796
NR0B2	8431	-1.22059337440812	0.000121473508794016
NR1H4	9971	-1.83799804133768	1.31266607521271e-06
NR1I3	9970	-3.84473069797582	2.44938926151336e-10
NR4A2	4929	0.747492639203055	0.00401117208127555
NR4A3	8013	1.46823930954193	9.45616150494332e-05
NRCAM	4897	0.914268491791648	0.0143397056625221
NRIP3	56675	0.617676829291514	0.0287220472977437
NRK	203447	-0.934437680804859	0.00764424457237517
NRXN1	9378	-0.692131289896318	0.000622516122696829
NTS	4922	-3.38107308816419	3.59794258019956e-11
NUS1P2	646208	0.836375062770378	0.0267224863159843
OAS2	4939	0.88226395241661	6.38265333826265e-05
OASL	8638	1.0063212287241	0.000468378504489654
OAT	4942	-0.939501295177727	2.41781835767303e-05
ODF3B	440836	1.27385534204987	4.39414013450552e-07
OGDHL	55753	-0.620658750411005	0.0065715355563541
OLFM1	10439	0.580086491066002	0.0310109218316805
OLFM4	10562	2.3900928910953	1.45012687167675e-10
OLFML2B	25903	1.27733145995012	7.56272559144601e-05
OLR1	4973	1.4336366162182	0.000234783446428662
OSCAR	126014	1.13997593825196	0.000142087637956027
OSM	5008	5.63638696080636	1.0102217683271e-19
OSMR	9180	0.782583388364732	0.00380154357371141
OTC	5009	-1.60534737576496	2.06113565674757e-06
OTOP3	347741	-0.980327718074365	0.0244277186944801
P2RX7	5027	0.926761852651015	0.000417606692458569
P2RY13	53829	0.716602169199047	0.00546569851669886
P2RY6	5031	0.607247760869691	0.00655733780555077
P4HA3	283208	2.16500545167411	7.91727674312148e-08
PADI4	23569	1.69383865459084	3.12405184618485e-05
PALMD	54873	0.582059905001589	0.0117453935216435
PAPPA	5069	0.765761978681528	0.00865048098764986
PARP9	83666	0.85306275719577	5.89518689219321e-08
PCDH17	27253	1.10338348513698	0.000293015654421125
PCOLCE	5118	0.601427466862809	0.0332146494778428
PCSK1N	27344	-0.712341157456762	0.0212122435445963
PCSK2	5126	-0.76621021496369	0.00168132675590428
PCSK9	255738	1.94176262583385	1.48823004095401e-10
PDCD1LG2	80380	1.11493386347437	0.000179245171027621
PDE10A	10846	0.634453765314184	0.0236753118157918
PDE4B	5142	1.21264699552109	9.18356842427515e-05
PDGFRB	5159	0.839588930649026	0.00157112070062449
PDLIM7	9260	0.6213058825637	0.00158490136053265
PDPN	10630	2.26028901902585	3.11454627184303e-09
PDZK1	5174	-1.36522457678358	0.000952073260984211
PDZK1IP1	10158	1.33510542850741	1.86261254640258e-05
PF4	5196	1.82802854972187	2.92154821474537e-06
PFKFB3	5209	1.15602433900027	1.69458085944737e-05
PFN1P1	730138	0.58392725540752	0.0192701635856854
PGC	5225	1.76891581430901	0.00694852900958159
PGF	5228	0.914550482663861	0.00103309042616474
PHEX	5251	-1.14745174362376	0.000210080007106376
PHLDA1	22822	0.910306091185673	0.000226628726767853
PHYHIPL	84457	-2.53273678173686	1.15709336154657e-12
PI15	51050	1.70476984162283	0.000681916777008768
PI3	5266	3.5501564392104	2.03188072448138e-14
PIK3C2G	5288	-0.716530760780772	0.0350043258675478
PIK3R3	8503	0.650580283404995	8.58287460227104e-06
PILRA	29992	1.0089095685446	0.000575137492824
PIM2	11040	1.15250774381811	0.000128055996083697
PIM3	415116	0.711461309193904	0.000387838306914238
PKD1L3	342372	0.604680786791484	0.0435829036411963
PKLR	5313	-1.70485118401491	5.70608646187163e-06
PKMP1	643586	0.617551170379599	0.00171023775569642
PLA1A	51365	1.2893651239686	4.7653795290905e-05
PLA2G12B	84647	-0.75120285792669	0.0253765172328941
PLA2G2A	5320	1.49830000498107	1.59564071076013e-08
PLA2G3	50487	4.69091882416366	1.62607416281635e-15
PLA2G4D	283748	1.03946883468006	0.000265428491918154
PLA2G7	7941	0.808111857337664	0.00494269881880414
PLAC8	51316	0.583880256959376	0.00576179973906366
PLAU	5328	1.59062910347129	6.55778336198325e-07
PLAUR	5329	1.11402495256921	0.000847443311447982
PLB1	151056	-1.32170565047855	3.34334831139796e-05
PLEK	5341	1.47996422683331	3.08228123277104e-05
PLEKHF1	79156	0.597690029545035	0.00167822493570784
PLEKHN1	84069	1.48380975007198	6.80581070821766e-07
PLEKHO1	51177	0.596566187531392	0.0107072336410129
PLN	5350	0.83992337561366	0.000807253656935443
PLP1	5354	-0.617145940342271	0.0228716729248969
PNLIPRP2	5408	-1.04103536912403	0.0249712396418953
PNPLA3	80339	0.71924226348699	0.0327618169364759
PNRC2	55629	0.726075431616219	0.038987078215114
PODNL1	79883	0.607302720161223	0.00546148787827014
PPIAP11	5483	0.614317883398219	0.00864029506079019
PPY	5539	-1.09543957904537	0.0142678635335247
PRAM1	84106	0.728280829292726	0.00229507258909858
PRDM1	639	0.737039732746217	0.000464420508882371
PRF1	5551	0.928235414679494	1.35207481000182e-05
PRKG2	5593	-1.34423115081001	1.76971479401872e-05
PRODH	5625	-1.40126542751959	7.29394318859312e-06
PROK2	60675	5.80167457506309	1.35256774589068e-18
PRR16	51334	0.919885880386304	0.0024371330896308
PRRX1	5396	1.37594057540021	0.00193697832776964
PRRX2	51450	1.13744386919874	0.000579304662327843
PRSS21	10942	0.859024709876307	0.0216946077452684
PRSS22	64063	1.26378852025648	0.000521611333662411
PSAT1	29968	0.999853777101388	3.98072685430271e-05
PSMB9	5698	1.12695893527164	8.66645365959682e-10
PSME2P2	338099	0.635584728458433	1.76339390485579e-06
PSORS1C3	100130889	-0.934692205834825	0.00607963103115008
PTAFR	5724	1.03240752820617	8.10481322595094e-05
PTGDS	5730	0.822080677731154	0.0401479817015889
PTGES	9536	1.2926388573234	8.62205255677182e-06
PTGFR	5737	0.70993621476192	0.0263728962279003
PTGIR	5739	1.11077611374507	0.000594156377353868
PTGS2	5743	3.07360249496802	1.26292745668249e-10
PTMAP8	728873	0.741734852014041	0.00508338354184357
PTP4A3	11156	0.948117690151221	0.000184395974901945
PTPRT	11122	-0.639265896609287	0.00606427038443105
PXDN	7837	0.595244713837341	0.0222620963175605
RAB31	11031	0.815977024470082	0.00027503227892297
RAB6B	51560	-0.622644135903614	0.0166251274295118
RAMP3	10268	0.913085488437517	0.000343731046603481
RASGRP4	115727	0.72889961309314	0.00343519157436138
RASSF8-AS1	100506451	0.629871819072314	0.0137024124475853
RBP2	5948	-2.29613492643546	3.5227261424316e-08
REEP6	92840	-0.946284652370324	0.000615033551518765
REG3A	5068	-1.99224283636311	5.86346522944988e-05
REG3G	130120	-2.69384220198579	1.115782188612e-06
REG4	83998	1.44417293408454	3.41238040546967e-05
RELT	84957	0.706893251405976	0.00431187792005665
REM2	161253	0.646711281974378	0.0127040098964056
RGS16	6004	1.07508114412969	0.000773716393219108
RGS4	5999	0.854743034126853	0.00353451831530748
RGS5	8490	1.14666442779474	1.17036995775797e-05
RHEBL1	121268	0.913285483609193	0.000210750305422085
RHOBTB2	23221	-0.64274297146194	0.00808910925028183
RILPL2	196383	0.641277625422293	0.00155734933653789
RIMS1	22999	0.806093743504872	0.0154716458132466
RNASE2	6036	1.58830966413234	0.000731028080328871
RND1	27289	2.37244778072281	4.01237987715296e-12
RNF183	138065	1.58402656424282	9.6414471054062e-07
RNU1-70P	107105264	-5.02517630485826	2.82368524278608e-14
ROBO4	54538	0.630238817226182	0.00292906034377538
RPLP0P2	113157	0.589748021393654	0.0234686717849491
RSAD2	91543	0.747270094725106	0.00751956631469828
RTEL1-TNFRSF6B	100533107	0.810788758462579	0.00134479117609216
RUFY4	285180	1.25719221138741	3.73747144178981e-05
RXRG	6258	-0.641830825099426	0.00706275757365371
S100A11	6282	0.651030761682927	0.000761320603512492
S100A12	6283	5.65506646533108	2.48722549530635e-13
S100A2	6273	1.22903445893925	4.16347697478916e-05
S100A3	6274	1.56248642695052	0.000148359346441381
S100A7	6278	7.52808858230969	2.70395870305115e-08
S100A8	6279	5.6659992427269	7.89629627671849e-24
S100A9	6280	4.47559896865838	1.14671319785265e-18
S100P	6286	0.8788121947945	0.00372083291829291
S1PR4	8698	0.754742703390562	0.0306555278716896
SAA1	6288	7.45041197094315	1.42480668004351e-30
SAA2	6289	7.25413447178725	2.75214928068022e-23
SAMD9	54809	0.595113342772155	7.27044418444775e-05
SAMD9L	219285	1.08009289988819	2.46139249007235e-08
SBNO2	22904	0.939167699875363	1.15883456348789e-06
SCARF1	8578	0.632503953443588	0.00171103525740349
SCD	6319	0.926629973751476	8.17622129796084e-06
SCUBE2	57758	-0.605356929366659	0.00473451035680676
SELE	6401	4.32239394786052	6.79605111474828e-14
SELL	6402	0.913110935074175	0.0351025965980556
SELP	6403	1.57318546735073	6.39262419325233e-06
SEMA3E	9723	-0.598199718200514	0.0385363204639747
SEMA6B	10501	0.635290134983022	0.0074297335423517
SERPINA7	6906	-0.830120692160471	0.0299455311761322
SERPINB3	6317	9.27930596228337	7.9546039509443e-14
SERPINB4	6318	9.02190239002853	4.55349367536629e-14
SERPINB5	5268	1.12085032660316	0.00142436965432445
SERPINB7	8710	8.55406842712399	5.50378827422937e-27
SERPINB9	5272	0.631098655465536	0.022731840295521
SERPINE1	5054	2.7208968223291	2.87058344186251e-10
SERPING1	710	0.583403057528852	0.0195025188934985
SFRP2	6423	1.95861780333449	0.000161584257418532
SFRP5	6425	-2.88875306142358	3.70022645992788e-12
SGIP1	84251	0.942586878150657	0.00090044583777126
SH2D2A	9047	0.599404999889542	0.00221952183968674
SH3GL2	6456	-0.886832269544831	0.000265699016614485
SHBG	6462	-2.75314596224478	4.25633021267823e-11
SHCBP1	79801	0.601061033967488	0.00523871362132261
SHH	6469	0.815744874084676	0.00166178535360058
SI	6476	-0.614114192955989	0.032694311657608
SIGLEC5	8778	0.993006601812537	0.0127461130390619
SIGLEC9	27180	0.669744810290182	0.0101084646651463
SIRPB1	10326	1.53595794837436	8.14506390997585e-05
SIRPB2	284759	0.664701811228844	0.0153020714429139
SIX4	51804	1.47882694425895	1.60986737853485e-05
SLAMF1	6504	0.8175963096501	0.00321315874301644
SLAMF7	57823	0.799520748131831	0.00224934993547884
SLAMF8	56833	0.921564837314398	0.00032830025833085
SLC10A2	6555	-4.43828477361926	2.08307020504891e-16
SLC11A1	6556	2.84732692140769	4.41438409603268e-10
SLC13A1	6561	-3.98554225171755	4.46917975907074e-14
SLC14A2	8170	-1.80330132655235	0.000629500425939253
SLC15A1	6564	-1.06327965592634	0.00152122087045369
SLC16A14	151473	0.934311738588453	2.54848118528969e-05
SLC16A4	9122	-0.806507046456551	0.00850621177094415
SLC16A6	9120	0.912075648390862	0.00140961737350847
SLC17A8	246213	-2.06844514239466	2.48485946113855e-08
SLC17A9	63910	0.627929092271613	0.00953003209598189
SLC19A3	80704	-0.757221053655147	0.000401077716806657
SLC1A3	6507	1.70544323096169	1.33077233166819e-05
SLC22A3	6581	-0.678199559318627	0.00736135047917004
SLC22A4	6583	-0.639568170101627	0.00626008434212677
SLC23A1	9963	-2.20431691858599	1.45366265534344e-10
SLC23A3	151295	-1.21653319253168	0.000263844981977698
SLC25A48	153328	0.778125420324763	4.68932615211661e-05
SLC26A4	5172	2.32938739282431	3.12394289887806e-09
SLC26A4-AS1	286002	1.49613542080804	0.00106964657065557
SLC28A1	9154	-4.34843268541961	1.13403521804553e-16
SLC2A2	6514	-4.88127305032279	2.7354908236739e-19
SLC2A3	6515	1.51230412151666	1.43205946846235e-05
SLC2A6	11182	0.695871013434443	0.0297365513803627
SLC30A2	7780	-0.730113002808133	0.0334696428335338
SLC30A8	169026	-1.02607744295232	0.00209907666889304
SLC34A2	10568	-3.03378444681519	1.49667810678926e-08
SLC34A3	142680	-3.92301193904834	1.7178841872384e-13
SLC35G2	80723	0.707881183750675	0.00513890072252067
SLC38A4	55089	-2.1034219566877	2.48831461591804e-06
SLC3A1	6519	-1.28901501616563	5.30508507290279e-05
SLC43A3	29015	0.611741427375095	0.0046006189328657
SLC4A11	83959	1.3291460816804	2.15133577041843e-06
SLC51A	200931	-1.25497942336552	0.00578964599507673
SLC52A1	55065	-1.17624402263304	0.000765316786931807
SLC5A11	115584	-1.5134703074224	0.000127480414949738
SLC5A12	159963	-3.28308859151261	1.41804121460257e-13
SLC5A4	6527	-3.48591099573482	1.78931395798893e-14
SLC5A9	200010	-1.71266718327761	1.64889662664225e-06
SLC6A14	11254	3.69711778315469	3.06270355312399e-12
SLC6A19	340024	-1.12608217272577	0.00630883874914376
SLC6A4	6532	-4.24001223613673	1.61157033769539e-16
SLC7A11	23657	1.24678907010994	1.85330856704405e-06
SLC7A14	57709	-0.810837515884877	0.00940364158149584
SLC7A5	8140	1.32953282870992	1.98802037903673e-06
SLC7A9	11136	-3.95200857346105	1.23118005041172e-15
SLCO4A1	28231	0.781504573562186	0.000274121910727047
SLITRK2	84631	-0.770873302212718	0.00358507030070886
SMLR1	100507203	-4.49349282339758	2.81631691172554e-13
SMOX	54498	0.927750595747728	4.94114268117667e-05
SNAI1	6615	1.67267003169325	1.63077120137361e-06
SNCAIP	9627	0.663769199404198	0.00821566453008341
SNORD3A	780851	-0.635703862787712	0.0207451777221916
SNPH	9751	1.19847290164756	2.40219159516809e-07
SNX10	29887	1.13035109118852	3.72100991481248e-05
SNX20	124460	0.62650412154177	0.0287541484996389
SNX32	254122	-0.888845996233776	9.83728157355245e-05
SOAT2	8435	-3.53401452801606	1.9271915713231e-12
SOCS1	8651	1.53997031452031	1.72836011791151e-06
SOCS3	9021	2.79066099084016	3.22744631598915e-13
SOD2	6648	0.845780869706006	0.000579837675079354
SORCS2	57537	0.797420981335934	0.00334525935143553
SOX18	54345	1.01820128799811	0.000686095982939564
SOX6	55553	-0.995972516287656	8.09524789989184e-05
SP6	80320	0.713191451489224	0.000111020222273332
SPAG4	6676	0.966154501762448	0.00113797759664591
SPARC	6678	0.661326107931099	0.00742180297836455
SPHK1	8877	1.4606822024313	4.46011123145951e-06
SPI1	6688	0.745406388355704	0.003519602252676
SPINK4	27290	1.84381155713368	1.13111365329933e-06
SPNS2	124976	1.03481783491647	1.57257653064056e-05
SPOCD1	90853	1.30729094131629	1.38834253630635e-05
SPP1	6696	1.66626648181714	0.000222012788099649
SPRR1B	6699	4.58320231977028	0.00026906142888189
SPTBN5	51332	0.657179399668737	0.00434410579534886
SQLE	6713	0.63289925726311	0.000139326612487709
SRD5A3	79644	0.607301685300492	0.00233188308928819
SRGN	5552	1.04727502631871	0.000188068222739001
SRPX2	27286	1.39901391241445	2.5460841745893e-07
SRSF10	10772	0.642379779085221	0.00984273869933198
SSTR2	6752	-0.655702206657236	0.00436613260880476
SSUH2	51066	-0.974299803438778	0.000410427734051701
ST3GAL1	6482	0.989473243921961	0.000195976967019264
STAT1	6772	1.01573640995531	5.61473423626123e-07
STC1	6781	2.47438017189825	5.39522110279617e-09
STC2	8614	1.42678786517666	6.63867686999196e-06
STEAP4	79689	1.48033381835784	2.23744049291396e-05
STOM	2040	0.873273629211198	2.18970806408429e-05
STRIP2	57464	1.59104644512257	7.34206615886447e-07
STS	412	0.868591550149285	6.86040570591077e-06
STX11	8676	1.24194726724103	3.16520912115681e-05
SUCNR1	56670	1.00090509876159	9.75114941702118e-05
SULT1E1	6783	-1.88252722918115	3.90081401830568e-05
SULT2A1	6822	-1.12293511419003	0.0299630155018481
SUSD2	56241	-2.114998944055	1.22379760822678e-09
SYT12	91683	1.60617870790713	0.000140100330977883
SYT2	127833	-0.953402804039064	5.71063370739388e-05
TACSTD2	4070	1.46951456093645	1.05426596239294e-05
TAGAP	117289	0.813393370296339	0.00723321773906871
TAP1	6890	0.982946300900951	8.64593633848122e-09
TAP2	6891	0.757088423420853	1.97573300598137e-08
TBX21	30009	0.824172456715575	0.000221101855716636
TCN1	6947	5.43806003717062	4.25984518258403e-21
TDO2	6999	2.32220614776336	3.09423764304271e-08
TDRD1	56165	1.96197811047116	7.08818421731807e-06
TEKT3	64518	-0.860015961247252	0.00402648337626735
TENM1	10178	-0.689087283234532	0.0107048440672928
TENM4	26011	0.711115041770456	0.0310973997268623
TFAP2E	339488	0.589776770423622	0.00769139774160946
TFF1	7031	1.00196366660398	0.00161090150335649
TFPI2	7980	1.17361282889878	0.00567001379177627
TG	7038	0.691849795618066	0.00804494137915453
TGFB2	7042	0.598402369210033	0.0380162803292193
TGFB3	7043	0.676197131723751	0.00986760214126354
TGFBI	7045	0.814430220443213	0.000801319052484686
TGM2	7052	1.47773610254327	1.35545434245323e-07
THBD	7056	0.812307381465162	0.00180598834942755
THBS2	7058	3.2058622238192	4.52735686979111e-11
THEMIS2	9473	0.773968242574306	0.00275436797179096
THY1	7070	0.990369410117353	0.00165726289434094
TIMP1	7076	1.21931068121679	2.17150278670543e-05
TLR2	7097	1.23217898090529	2.81133828612298e-05
TLR8	51311	1.03746958435569	0.00081755646103463
TM4SF1	4071	1.05956888036687	2.28100893312948e-05
TM4SF4	7104	-4.00237483630157	3.7678983076074e-17
TM6SF2	53345	-1.00614839630778	0.00106254700840921
TMEM132A	54972	1.21390253916455	9.89891222963698e-05
TMEM158	25907	1.19949915392266	0.000363086307149781
TMEM229A	730130	-2.39553350821723	2.40858535076731e-08
TMEM25	84866	-0.803027412954005	0.000162224345428484
TMEM252	169693	-3.65625064570531	6.62009544187386e-12
TMEM255B	348013	1.10076962905443	2.33520064310467e-05
TMEM45A	55076	0.66670843810564	0.00902807984752211
TMPRSS15	5651	-3.58026574912146	4.68388720319867e-10
TMPRSS3	64699	0.78707593074611	0.0010996259395235
TMSB4XP2	7116	0.585764952267078	0.0192740387729416
TMSB4XP6	7120	0.71028416037241	0.00944931698920919
TNC	3371	2.51503739468373	1.32815804873452e-09
TNF	7124	1.4141167114012	2.07463715043096e-05
TNFAIP2	7127	0.972575333692821	0.000378510486203792
TNFAIP6	7130	3.32808582908158	1.38643743305292e-10
TNFRSF10C	8794	2.28759380286107	1.41806932876814e-08
TNFRSF11B	4982	0.926677286497649	0.000590921936529867
TNFRSF18	8784	0.713310518058701	0.0160656853545091
TNFRSF4	7293	1.00071480600878	0.00340195237213541
TNFRSF8	943	1.2632842047203	0.000744193651481939
TNFRSF9	3604	0.889356566905154	0.0180897029877161
TNFSF9	8744	0.975191599470295	0.00231823784449607
TNIP3	79931	5.34635626300189	2.62253596436218e-26
TPK1	27010	0.732517046126556	1.51496756744267e-06
TPPP	11076	-0.796464674595621	0.0029931572450275
TPRG1	285386	0.871620659495143	5.81490169530496e-05
TPTEP1	387590	0.703970960946824	0.0211843182506935
TRAF1	7185	0.642938633429907	0.0163522481244974
TREH	11181	-1.1762202888928	0.000418920051316508
TREM1	54210	4.99130967323522	3.24195136890643e-18
TREML2	79865	1.15980507725959	0.0096007832578896
TRGC1	6966	0.598766419855413	0.00636248939691323
TRIB2	28951	0.628654419270756	0.0118846627195241
TRIM15	89870	0.680640086296639	0.00301923405400138
TRIM22	10346	0.78638517272155	6.4230797689147e-05
TRIM29	23650	1.46365452665876	1.44217057698899e-05
TRIM40	135644	1.42355602175566	0.000198589857352051
TRIM69	140691	0.861092824996685	3.7018280516986e-08
TRPC4	7223	0.829024502587658	0.00640814035709393
TRPV4	59341	0.844855268539285	0.0033786046264773
TSHR	7253	0.712950612886867	0.0132906453294248
TSPO2	222642	1.31838872638192	0.0026566496782667
TTC36	143941	-2.67710799552556	4.44819147382893e-07
TTR	7276	-0.709003130064304	0.0070778210415287
TUBB3	10381	0.894094275134914	0.00198625856080277
TUBB6	84617	0.586094520446785	0.00666867340113035
TWIST1	7291	1.38386663688474	0.00156754544432507
TXNDC5	81567	0.867906942992862	0.00256502669059946
TYMP	1890	1.39832424621713	7.21879898319254e-08
UBD	10537	1.95793237712911	2.13412788210728e-05
UBE2L6	9246	1.13529457719734	6.04270987828468e-10
UBE2V2P1	100128493	-3.3412122277692	1.16138560964552e-09
UBTD1	80019	0.757973401690195	0.000791124364938076
UCA1	652995	0.865896429104563	0.047843376452925
UGT1A4	54657	-2.56785297954776	3.09340944052611e-05
UGT2A3	79799	-0.654491443156753	0.0344340012894504
UGT2B7	7364	-0.817795166432042	0.0027058178695517
UGT3A1	133688	-4.36964555242114	4.14700514774083e-11
UNC13D	201294	0.880131625203891	5.55367204960004e-06
UNC5D	137970	-0.889203590548537	0.00115723872645202
USHBP1	83878	0.59464941591612	0.00430788301645612
USP18	11274	0.601819882250495	8.63013407796597e-05
USP30-AS1	100131733	0.753684287601711	3.94223580837916e-06
USP44	84101	-0.600700740777722	0.0462409283713592
VAMP5	10791	0.78782574092814	1.75969706835628e-05
VASN	114990	1.15609763708693	0.00018180818942559
VMO1	284013	0.716356202866246	0.0096868804407211
VNN1	8876	1.19908281119812	0.00112813243442469
VNN2	8875	1.30469872176248	0.00117187497130654
VRTN	55237	0.641542034186474	0.0439853673008259
VSIG1	340547	3.05988024065543	2.58663411717432e-11
VSNL1	7447	1.02157602754575	0.00540962701625051
VSTM1	284415	1.46433675320327	6.50894037896443e-05
VWA1	64856	0.706779187199802	0.00034075652938916
VWF	7450	1.1080204000198	2.75018468986886e-05
WASF3	10810	-0.637079351817321	0.000563879294643833
WDR49	151790	-1.29219768188458	0.00153754455913745
WFIKKN1	117166	-0.670379546451126	0.0154800181772707
WNT10B	7480	0.594571215475566	0.0440834152858791
WNT2	7472	5.66798635978391	2.0219814728253e-13
WNT5A	7474	1.37924551997753	1.36549474723765e-05
XAF1	54739	0.616876210729008	0.000782421566610244
XDH	7498	0.654958068061268	0.00604993942221979
XKR9	389668	0.89608680494264	0.00177964371667637
ZBP1	81030	1.48665803946789	2.60777699200353e-08
ZBTB32	27033	0.90050444260353	0.0380464771037292
ZC3H12A	80149	1.65608127721796	6.40730866079354e-10
ZG16B	124220	1.12796046038561	4.21310880586403e-07
ZMYND15	84225	0.698287718458089	0.000159765327577969
ZNF385D	79750	0.718313112129751	0.0108195075080381
ZNF469	84627	0.893090241971266	0.000798990336254767
ZNF488	118738	-1.30193472941348	3.94673454919793e-06
