"HMDB_ID","Compound_Name","foldchange_disorder","p_values_disorder","relevant_ids","relevant_labels"
"HMDB0004705","12.13-diHOME",0.222432255457008,0.517476647715471,NA,NA
"HMDB0004704","9.10-diHOME",0.249681340818245,0.372623475293718,NA,NA
"HMDB0000535","caproate",-1.44790960355168,0.184085742151625,NA,NA
"HMDB0000764","hydrocinnamate",-1.0635495031708,0.22061129716029,NA,NA
"HMDB0000703","mandelate",0.215559387532274,0.57133666484983,NA,NA
"HMDB0000711","2-hydroxyoctanoate",0.688498315193868,0.0594407210897292,NA,NA
"HMDB0001954","3-hydroxyoctanoate",0.234305136827578,0.375647178379591,NA,NA
"HMDB0000511","caprate",-0.304526176776424,0.705535380345719,NA,NA
"HMDB0000197","indoleacetate",-0.453319063665411,0.29403806196145,NA,NA
"HMDB0002203","3-hydroxydecanoate",0.302455500894808,0.328907825098536,NA,NA
"HMDB0000638","dodecanoate",0.382941822579316,0.664533063706676,NA,NA
"HMDB0000888","undecanedionate",-0.547610513794567,0.159842889660006,NA,NA
"HMDB0002000","myristoleate",0.226914310049342,0.646516577401131,NA,NA
"HMDB0000806","myristate",0.200264551640558,0.648283396733202,NA,NA
"HMDB0000623","dodecanedioate",-0.198082411450606,0.667715903750192,NA,NA
"HMDB0000826","pentadecanoate",-0.121723983837033,0.705348928319506,NA,NA
"HMDB0002261","hydroxymyristate",-0.0996752528136273,0.875411180563945,NA,NA
"HMDB0003229","palmitoleate",0.541685966822506,0.0955547965755664,NA,NA
"HMDB0000220","palmitate",0.330205221364057,0.251953914657456,NA,NA
"HMDB0000872","tetradecanedioate",-0.0185510503326292,0.934063931907359,NA,NA
"HMDB0060038","10-heptadecenoate",0.131351275754863,0.757676699920628,NA,NA
"HMDB0062548","2-hydroxyhexadecanoate",0.308191156564856,0.65307743414771,NA,NA
"HMDB0001388","alpha-linolenate",0.640344870024968,0.152584261038005,NA,NA
"HMDB0000673","linoleate",0.245081409901349,0.430837476802793,NA,NA
"HMDB0000207","oleate",0.242643484492557,0.394604375147746,NA,NA
"HMDB0000827","stearate",0.371540871396473,0.47042461110085,NA,NA
"HMDB0000672","hexadecanedioate",-0.222422866037046,0.41361818635838,NA,NA
"HMDB0013622","10-nonadecenoate",0.594329295082471,0.135713294039278,NA,NA
"HMDB0000772","nonadecanoate",0.17719760338629,0.746678661631698,NA,NA
"HMDB0061710","17-methylstearate",0.398304690136627,0.319673521603573,NA,NA
"HMDB0002231","eicosenoate",0.560993999009401,0.168538933141961,NA,NA
"HMDB0002212","arachidate",-0.0256598741876992,0.965941559276148,NA,NA
"HMDB0000801","phytanate",0.111808745520367,0.8309121468756,NA,NA
"HMDB0002068","13-docosenoate",0.551440146025524,0.299201146321388,NA,NA
"HMDB0002364","oleanate",-1.28653253516669,0.159787344196711,NA,NA
"HMDB0002392","masilinate",-0.723511848733786,0.412365936262371,NA,NA
"HMDB0000761","lithocholate",-1.42100178388127,0.0895500268704671,NA,NA
"HMDB0000518","chenodeoxycholate",0.844420633027742,0.0932812779790425,NA,NA
"HMDB0000626","deoxycholate",-0.747473171305487,0.135375495735772,NA,NA
"HMDB0000733","hyodeoxycholate/ursodeoxycholate",-0.720338335517507,0.331838482304284,NA,NA
"HMDB0000391","ketodeoxycholate",0.512750617141151,0.395971286809625,NA,NA
"HMDB0000506","alpha-muricholate",0.987775503973889,0.298753557204634,NA,NA
"HMDB0000698","glycolithocholate",-0.372847690946262,0.573540078635223,NA,NA
"HMDB0000631","glycodeoxycholate",0.635222729415862,0.243746859656547,NA,NA
"HMDB0000708","glycoursodeoxycholate",1.59610908823927,0.0597711915522405,NA,NA
"HMDB0000722","taurolithocholate",1.01751438607789,0.0618944786245502,NA,NA
"HMDB0000896","taurodeoxycholate",1.10342118835231,0.0783917695478479,NA,NA
"HMDB0000874","taurohyodeoxycholate/tauroursodeoxycholate",0.709507406692833,0.308137521573202,NA,NA
"HMDB0001895","salicylate",0.541292875938169,0.146608589329187,NA,NA
"HMDB0001889","theophylline",-0.471368091004837,0.501263193551675,NA,NA
"HMDB0029723","saccharin",1.27202053911742,0.201062231710443,NA,NA
"HMDB0000784","azelate",-0.465927705005246,0.242656845491012,NA,NA
"HMDB0000792","sebacate",-0.872207729254121,0.0287542798890847,NA,NA
"HMDB0014420","olmesartan",0.227965926018927,0.625896061133601,NA,NA
"HMDB0035665","1.2.3.4-tetrahydro-beta-carboline-1.3-dicarboxylate",1.40939618837409,0.0862820722159928,NA,NA
"HMDB0004072","4-hydroxystyrene",0.812576775084299,0.256224901042912,NA,NA
"HMDB0000866","acetytyrosine",0.226354945539894,0.432344066309012,NA,NA
"HMDB0001518","alpha-CEHC",0.0943964620779632,0.824419185618885,NA,NA
"HMDB0002121","carnosol",-1.74961232450511,0.0653074941835863,NA,NA
"HMDB0000786","oxypurinol",0.350554071614912,0.456477626578572,NA,NA
"HMDB0002100","palmitoylethanolamide",0.648109616983078,0.235164306718141,NA,NA
"HMDB0000779","phenyllactate",1.17394522822554,0.0650362639560419,NA,NA
"HMDB0000020","p-hydroxyphenylacetate",0.359901216632263,0.352352335233628,NA,NA
"HMDB0000245","porphobilinogen",0.383986407278172,0.312145550951161,NA,NA
"HMDB0002368","nervonic acid",0.90901837676692,0.0236311944517726,NA,NA
"HMDB0006219","13-cis-retinoic acid",0.811105082307105,0.254849125666075,NA,NA
"HMDB0010379","C14:0 LPC",1.54969648521217,0.0638945220800663,NA,NA
"HMDB0010386","C18:2 LPC",0.768639173759311,0.289673592128007,NA,NA
"HMDB0010397","C20:5 LPC",1.1516403831242,0.124163641709708,NA,NA
"HMDB0011504","C16:1 LPE",1.63150948524393,0.110416668782838,NA,NA
"HMDB0011506","C18:1 LPE",0.923958917762754,0.082437708628861,NA,NA
"HMDB0011517","C20:4 LPE",-0.353895771416941,0.724168437537101,NA,NA
"HMDB0011511","C20:0 LPE",0.405634737965666,0.0513419043150777,NA,NA
"HMDB0007869","C30:0 PC",1.32770013061438,0.108325391251612,NA,NA
"HMDB0007873","C32:1 PC",2.28636370026637,0.0959483096497233,NA,NA
"HMDB0007973","C34:2 PC",1.23443051243367,0.14395153505224,NA,NA
"HMDB0007972","C34:1 PC",1.12122547147954,0.0530729270755601,NA,NA
"HMDB0007983","C36:4 PC-A",0.253015505610717,0.734543937816957,NA,NA
"HMDB0008138","C36:4 PC-B",1.32106732225421,0.142172772539972,NA,NA
"HMDB0008105","C36:3 PC",1.39560127926767,0.0910374998902092,NA,NA
"HMDB0008039","C36:2 PC",0.934194237863238,0.20857187535335,NA,NA
"HMDB0007991","C38:6 PC",2.80134953250696,0.131987255596637,NA,NA
"HMDB0008048","C38:4 PC",1.3693041198707,0.20437453238962,NA,NA
"HMDB0008270","C38:2 PC",1.43433335664589,0.243095138428319,NA,NA
"HMDB0011210","C34:2 PC plasmalogen",1.38939363161983,0.14781250965147,NA,NA
"HMDB0011220","C36:5 PC plasmalogen",1.41380536233015,0.0898097387466366,NA,NA
"HMDB0008923","C32:0 PE",0.795884272966548,0.181047174179198,NA,NA
"HMDB0008925","C34:0 PE",-0.156387960625496,0.848640682161724,NA,NA
"HMDB0000252","sphingosine",0.726987490562706,0.142133415644348,NA,NA
"HMDB0002100","palmithoylethanolamide",0.538674252245546,0.349422511757271,NA,NA
"HMDB0012252","linoleoylethanolamide",0.666141488448567,0.289458865462022,NA,NA
"HMDB0004949","C16:0 Ceramide (d18:1)",0.688933398280003,0.119230437291034,NA,NA
"HMDB0004952","C22:0 Ceramide (d18:1)",0.397438605703186,0.478565747111897,NA,NA
"HMDB0004956","C24:0 Ceramide (d18:1)",0.637566473756699,0.214880058851654,NA,NA
"HMDB0012101","C18:1 SM",0.808811829121149,0.338214174292398,NA,NA
"HMDB0001348","C18:0 SM",1.52464032859305,0.0794989832780482,NA,NA
"HMDB0012103","C22:0 SM",1.14460617150585,0.0816779317738856,NA,NA
"HMDB0006725","C14:0 CE",0.310411106874589,0.674934865837846,NA,NA
"HMDB0000658","C16:1 CE",1.01557940988561,0.0866672197192708,NA,NA
"HMDB0000918","C18:1 CE",0.89223971924649,0.0365814899364161,NA,NA
"HMDB0010368","C18:0 CE",-0.319135310933444,0.370906045709761,NA,NA
"HMDB0006736","C20:3 CE",0.0872442451222355,0.856049034939314,NA,NA
"HMDB0010375","C22:5 CE",0.0799883026467079,0.909382132648899,NA,NA
"HMDB0006729","C22:4 CE",0.908922232858533,0.240164868771242,NA,NA
"HMDB0011565","C16:1 MAG",-0.414289857102183,0.469727242473138,NA,NA
"HMDB0011131","C18:0 MAG",0.0647621091510402,0.860254734834605,NA,NA
"HMDB0011582","C22:1 MAG",0.0130805037882702,0.986952867543514,NA,NA
"HMDB0007011","C30:0 DAG",-0.643139616598468,0.517132801220988,NA,NA
"HMDB0007128","C32:2 DAG",-1.26190323872493,0.20090116028906,NA,NA
"HMDB0007099","C32:1 DAG",-0.78578444735162,0.286957819457608,NA,NA
"HMDB0007098","C32:0 DAG",-0.342524522655886,0.563252150303162,NA,NA
"HMDB0007132","C34:3 DAG",-0.87489976687673,0.260985764028773,NA,NA
"HMDB0007103","C34:2 DAG",-1.1255762423542,0.104505649632865,NA,NA
"HMDB0007102","C34:1 DAG",-0.549692399253729,0.449146285385338,NA,NA
"HMDB0007100","C34:0 DAG",-0.161765323555326,0.763376191418486,NA,NA
"HMDB0007248","C36:4 DAG",-1.10114661247942,0.129714636441366,NA,NA
"HMDB0007219","C36:3 DAG",-0.884481729035965,0.195698492290608,NA,NA
"HMDB0007218","C36:2 DAG",-0.582533366109352,0.420302804869307,NA,NA
"HMDB0007216","C36:1 DAG",-0.00694526828572251,0.991380911084189,NA,NA
"HMDB0007158","C36:0 DAG",0.0712021429840597,0.861025651290188,NA,NA
"HMDB0042063","C44:0 TAG",0.921451958984331,0.369610288300913,NA,NA
"HMDB0042093","C45:0 TAG",0.851229084888152,0.12821554017762,NA,NA
"HMDB0010419","C46:2 TAG",1.94633668981451,0.0839044868165153,NA,NA
"HMDB0010412","C46:1 TAG",0.41617805927241,0.747395378641464,NA,NA
"HMDB0010411","C46:0 TAG",0.401249464295249,0.511879909868746,NA,NA
"HMDB0005432","C48:3 TAG",1.11723034066712,0.321452332568647,NA,NA
"HMDB0005376","C48:2 TAG",0.742757923195603,0.428063657680015,NA,NA
"HMDB0005359","C48:1 TAG",1.01280538984863,0.179119196304061,NA,NA
"HMDB0005356","C48:0 TAG",-0.353515629439777,0.621019602826076,NA,NA
"HMDB0005435","C50:4 TAG",-0.434667005739914,0.732652547838309,NA,NA
"HMDB0005433","C50:3 TAG",0.0849069851560635,0.926136319793672,NA,NA
"HMDB0005377","C50:2 TAG",-0.607069350001993,0.494506712159465,NA,NA
"HMDB0005360","C50:1 TAG",-0.757075433207962,0.0624976264578001,NA,NA
"HMDB0005357","C50:0 TAG",-0.553664695091683,0.35833425436941,NA,NA
"HMDB0011701","C51:3 TAG",0.387088487707979,0.646944084231632,NA,NA
"HMDB0005362","C51:2 TAG",0.363449888224315,0.672205673715452,NA,NA
"HMDB0042104","C51:1 TAG",1.76228271283331,0.223438787312102,NA,NA
"HMDB0031106","C51:0 TAG",-0.557786760474984,0.614767247098679,NA,NA
"HMDB0005436","C52:6 TAG",0.34828841944274,0.826014136322075,NA,NA
"HMDB0005380","C52:5 TAG",-0.641173557751465,0.545461199310333,NA,NA
"HMDB0005363","C52:4 TAG",-0.782585440458181,0.172718958663113,NA,NA
"HMDB0005384","C52:3 TAG",-0.469757186585355,0.615198061973215,NA,NA
"HMDB0005369","C52:2 TAG",-0.000590586927064152,0.999475953475368,NA,NA
"HMDB0005367","C52:1 TAG",-0.0105184523676094,0.988307388365955,NA,NA
"HMDB0005365","C52:0 TAG",-0.212804432744836,0.786987186578685,NA,NA
"HMDB0043058","C53:3 TAG",-0.0125195358753896,0.982145793001947,NA,NA
"HMDB0005391","C54:6 TAG",-0.729300025934851,0.47753353517998,NA,NA
"HMDB0005385","C54:5 TAG",-0.567060328256225,0.548793055072141,NA,NA
"HMDB0005370","C54:4 TAG",-0.20759004857425,0.816503305112243,NA,NA
"HMDB0005405","C54:3 TAG",0.278189972806334,0.761174740045073,NA,NA
"HMDB0005403","C54:2 TAG",-0.0360278220712509,0.969261656376851,NA,NA
"HMDB0005395","C54:1 TAG",0.118281932998446,0.836912534474492,NA,NA
"HMDB0042466","C55:3 TAG",0.211963049194921,0.858952483216285,NA,NA
"HMDB0042226","C55:2 TAG",-0.0062487585162696,0.994668651256158,NA,NA
"HMDB0005456","C56:6 TAG",0.201399075440152,0.802251220060801,NA,NA
"HMDB0005398","C56:4 TAG",-0.0784088471658286,0.89576309047855,NA,NA
"HMDB0005410","C56:3 TAG",0.207421177129142,0.714013536373181,NA,NA
"HMDB0005404","C56:2 TAG",0.289676084522974,0.339304442009832,NA,NA
"HMDB0005396","C56:1 TAG",0.504692906072261,0.286083673822988,NA,NA
"HMDB0000067","cholesterol",0.803036173869369,0.246197436809928,NA,NA
"HMDB0029377","piperine",-0.0239952640045047,0.984675528982872,NA,NA
"HMDB0002123","1-3-7-trimethylurate",-1.6440130586138,0.0718438354162116,NA,NA
"HMDB0000510","2-aminoadipate",0.236971556081354,0.526101829776238,NA,NA
"HMDB0000407","2-hydroxy-3-methylbutyrate",0.319439954697639,0.462723484731308,NA,NA
"HMDB0000317","2-hydroxy-3-methylpentanoate",-0.0105522027839733,0.983765006370341,NA,NA
"HMDB0059655","2-hydroxyglutarate",0.523611668603703,0.255534274049103,NA,NA
"HMDB0000355","3-hydroxymethylglutarate",0.372916183394231,0.303331080090073,NA,NA
"HMDB0000555","3-methyladipate/pimelate",-0.758364184488904,0.0636336620033354,NA,NA
"HMDB0000522","3-methylglutaconate",0.230649615880344,0.308124527244974,NA,NA
"HMDB0011718","4-hydroxybenzaldehyde",-0.0519031046612319,0.876804140821623,NA,NA
"HMDB0029757","4-hydroxybenzeneacetonitrile",-1.03725938207684,0.280662673594895,NA,NA
"HMDB0000873","4-methylcatechol",-0.706587662079873,0.301755566073694,NA,NA
"HMDB0001232","4-nitrophenol",1.22545060221466,0.248364894178494,NA,NA
"HMDB0000017","4-pyridoxate",-0.445331582841003,0.217713208031552,NA,NA
"HMDB0004400","5-acetylamino-6-amino-3-methyluracil",-0.743500321432791,0.316706736515471,NA,NA
"HMDB0000529","5-dodecenoate",-0.693583641168212,0.263354934944098,NA,NA
"HMDB0000766","acetylalanine",0.424686633005027,0.125052979997224,NA,NA
"HMDB0000034","adenine",-0.465354370383395,0.26285969626248,NA,NA
"HMDB0000448","adipate",-0.857297144054318,0.174301799353727,NA,NA
"HMDB0000161","alanine",0.463489798406645,0.216643297215257,NA,NA
"HMDB0000126","alpha-glycerophosphate",1.3358802126128,0.114898241458539,NA,NA
"HMDB0062781","alpha-ketoglutarate",0.297213420036812,0.482239327986644,NA,NA
"HMDB0000019","alpha-ketoisovalerate",-0.00189580824065949,0.997022920466448,NA,NA
"HMDB0000517","arginine",0.739966322407746,0.151803810743919,NA,NA
"HMDB0000044","ascorbate",0.0315637625120182,0.959112320331256,NA,NA
"HMDB0000168","asparagine",0.85831105633571,0.285643647799219,NA,NA
"HMDB0000191","aspartate",0.329686492230408,0.465804752403074,NA,NA
"HMDB0000039","butyrate",-0.51911390249321,0.280305296989072,NA,NA
"HMDB0000482","caprylate",-0.45111102557679,0.598164993938407,NA,NA
"HMDB0011621","cinnamoylglycine",-1.61400489222831,0.336369139513598,NA,NA
"HMDB0000904","citrulline",0.61220799999715,0.200736712147502,NA,NA
"HMDB0001547","corticosterone",0.204936775967479,0.89311002060648,NA,NA
"HMDB0001370","diaminopimelate",-0.254769813657482,0.675638187313093,NA,NA
"HMDB0003349","dihydroorotate",0.196861098356822,0.899883547498518,NA,NA
"HMDB0000613","erythronate",0.852642847779506,0.0229898104694117,NA,NA
"HMDB0010325","ethyl glucuronide",-0.050297928378928,0.881749623827729,NA,NA
"HMDB0000122","fructose/glucose/galactose",0.517534854011597,0.061657707384989,NA,NA
"HMDB0000174","fucose",0.687271627694489,0.0189866505268198,NA,NA
"HMDB0000134","fumarate/maleate",0.416059142818977,0.161943358307355,NA,NA
"HMDB0015371","gemfibrozil",-0.118814107157982,0.905781405976684,NA,NA
"HMDB0000152","gentisate",-0.111939300527975,0.7837816775435,NA,NA
"HMDB0003339","glutamate",0.42062507910893,0.308158797631391,NA,NA
"HMDB0000139","glycerate",0.0840212149724522,0.811137349060641,NA,NA
"HMDB0000132","guanine",-0.244143154170917,0.638279317351795,NA,NA
"HMDB0000133","guanosine",0.265800190536957,0.444960723148959,NA,NA
"HMDB0002259","heptadecanoate",-0.44409252315727,0.291830412738922,NA,NA
"HMDB0000118","homovanillate",-0.70164464087668,0.282295325679259,NA,NA
"HMDB0000157","hypoxanthine",0.292617853640369,0.574754756478958,NA,NA
"HMDB0002320","imidazolelactate",0.342038251903652,0.560345988847021,NA,NA
"HMDB0002302","indole-3-propionate",-0.739127730126089,0.121331863465759,NA,NA
"HMDB0000195","inosine",-0.0461539337539456,0.935789867735423,NA,NA
"HMDB0000190","lactate",0.801623346039815,0.0599194230890115,NA,NA
"HMDB0000186","lactose",0.647469455600181,0.128079418671257,NA,NA
"HMDB0000687","leucine",0.661597868272509,0.11247243657086,NA,NA
"HMDB0012252","linoleoyl ethanolamide",0.724482566507803,0.276444127034923,NA,NA
"HMDB0000691","malonate",0.943690333612391,0.0674060739091959,NA,NA
"HMDB0000696","methionine",0.339693312849253,0.493345391677182,NA,NA
"HMDB0000206","N6-acetyllysine",0.342803064772706,0.234750875995231,NA,NA
"HMDB0001138","N-acetylglutamate",-0.327469769962381,0.376253805261471,NA,NA
"HMDB0001488","nicotinate",-0.764234877931873,0.0887444000002311,NA,NA
"HMDB0000216","norepinephrine",-0.869573280681376,0.129488501419753,NA,NA
"HMDB0000226","orotate",-0.494539933000308,0.24429532799886,NA,NA
"HMDB0000210","pantothenate",-0.261488942051557,0.519328428242571,NA,NA
"HMDB0000209","phenylacetate",-0.481007894566009,0.316979821102936,NA,NA
"HMDB0000162","proline",0.304381870994852,0.536824710019107,NA,NA
"HMDB0000237","propionate",-0.312868385242545,0.344490837868022,NA,NA
"HMDB0000767","pseudouridine",0.47633638238575,0.295605321338664,NA,NA
"HMDB0000957","pyrocatechol",-0.524976925239681,0.269654337497679,NA,NA
"HMDB0000244","riboflavin",-0.192104614559828,0.68874183673143,NA,NA
"HMDB0000884","ribothymidine",0.708608276126878,0.139213597267515,NA,NA
"HMDB0000187","serine",0.363090464450273,0.475715955537945,NA,NA
"HMDB0003070","shikimate",0.797795574558815,0.279032347552149,NA,NA
"HMDB0000893","suberate",-0.483546789810159,0.0786836965988305,NA,NA
"HMDB0000254","succinate",0.720707819827936,0.195213288267027,NA,NA
"HMDB0000956","tartarate",1.52753276226232,0.111267858085093,NA,NA
"HMDB0037942","tetrahydro-1-methyl-beta-carboline-3-carboxylate",-0.966566341102368,0.0495469416415603,NA,NA
"HMDB0000167","threonine",0.91933796641883,0.018904538781839,NA,NA
"HMDB0000262","thymine",0.217290066324793,0.68035517441355,NA,NA
"HMDB0000929","tryptophan",0.899740972688253,0.0624965064622689,NA,NA
"HMDB0000158","tyrosine",0.705945277653296,0.0534283875078884,NA,NA
"HMDB0000300","uracil",0.195231148434896,0.686946379416845,NA,NA
"HMDB0000289","urate",0.666146161025559,0.29936473038657,NA,NA
"HMDB0000296","uridine",0.299544827650731,0.467341858528171,NA,NA
"HMDB0000892","valerate/isovalerate",-0.814825095253596,0.140015269159668,NA,NA
"HMDB0000292","xanthine",0.0046855717996479,0.990975907586139,NA,NA
"HMDB0000881","xanthurenate",-0.793197435613791,0.1474490617155,NA,NA
"HMDB0000098","xylose",0.422759907653219,0.0451028234907792,NA,NA
"HMDB0013733","trimethylbenzene",-0.0175364515393532,0.936584253089653,NA,NA
"HMDB0000054","bilirubin",-0.0440223065979808,0.96658350607815,NA,NA
"HMDB0000089","cytidine",-0.219406255150819,0.701040171944354,NA,NA
"HMDB0000714","hippurate",0.255819522896854,0.482839240314533,NA,NA
"HMDB0000123","glycine",0.755153742566076,0.18304084555285,NA,NA
"HMDB0000148","glutamate",0.557571756551955,0.198449264756272,NA,NA
"HMDB0000182","lysine",0.558310360823921,0.216180696431534,NA,NA
"HMDB0000883","valine",0.782190257171287,0.0795489055622116,NA,NA
"HMDB0000172","isoleucine",0.82095330449291,0.0971853969072076,NA,NA
"HMDB0000725","hydroxyproline",1.00134271882363,0.139560251992151,NA,NA
"HMDB0000214","ornithine",0.568364161174351,0.462795310114253,NA,NA
"HMDB0000472","5-hydroxytryptophan",0.298429386956784,0.6685393871733,NA,NA
"HMDB0000259","serotonin",-0.531141051482642,0.475512982107746,NA,NA
"HMDB0000092","dimethylglycine",0.404827898292369,0.469211373157524,NA,NA
"HMDB0029416","NMMA",0.284260886548562,0.481964705275888,NA,NA
"HMDB0000715","kynurenic acid",0.789781700746687,0.240538729488887,NA,NA
"HMDB0000898","1-methylhistamine",0.683400076138021,0.238641297062803,NA,NA
"HMDB0000870","histamine",-0.495195017569074,0.42685299595663,NA,NA
"HMDB0000026","N-carbamoyl-beta-alanine",0.737737618023116,0.0463182660028198,NA,NA
"HMDB0001406","niacinamide",-0.241526985774556,0.742083944305279,NA,NA
"HMDB0000895","acetylcholine",-0.758472384180909,0.334555034237122,NA,NA
"HMDB0001257","spermidine",1.02736320426888,0.0750916677741432,NA,NA
"HMDB0000925","trimethylamine-N-oxide",0.812997379551907,0.264523759413154,NA,NA
"HMDB0000050","adenosine",0.255359059913392,0.591277589368255,NA,NA
"HMDB0000630","cytosine",0.0179333613024824,0.981215369363761,NA,NA
"HMDB0000101","2-deoxyadenosine",0.342259067451764,0.501681381024156,NA,NA
"HMDB0000014","2-deoxycytidine",-0.180939836456361,0.72209013912644,NA,NA
"HMDB0001046","cotinine",-3.30527757814232,0.0857721584650372,NA,NA
"HMDB0000716","pipecolic acid",-0.48244242594955,0.290126147625417,NA,NA
"HMDB0001149","5-aminolevulinic acid",0.925679572689969,0.0472613659615553,NA,NA
"HMDB0000699","1-methylnicotinamide",1.08874175746513,0.179591534412586,NA,NA
"HMDB0001161","butyrobetaine",0.588829697855335,0.177016434513435,NA,NA
"HMDB0002005","methionine sulfoxide",0.574460515258266,0.219622393087109,NA,NA
"HMDB0000056","beta-alanine",0.585244350056417,0.234275654001294,NA,NA
"HMDB0000062","carnitine",0.462854844348168,0.225437962761464,NA,NA
"HMDB0000824","C3 carnitine",1.76583848161406,0.173565933855037,NA,NA
"HMDB0013133","C3-DC-CH3 carnitine",1.29919814067137,0.374687247629418,NA,NA
"HMDB0002013","C4 carnitine",0.971944825453225,0.537612821471178,NA,NA
"HMDB0013288","C9 carnitine",1.65130680242544,0.36725709141707,NA,NA
"HMDB0000651","C10 carnitine",2.76490101088889,0.16644901744136,NA,NA
"HMDB0013326","C12:1 carnitine",2.29233704286101,0.198388259029642,NA,NA
"HMDB0002014","C14:1 carnitine",0.921775466224416,0.359093127993889,NA,NA
"HMDB0013331","C14:2 carnitine",1.93417735831254,0.130065347578294,NA,NA
"HMDB0013337","C16-OH carnitine",1.00740347439307,0.0890955649327854,NA,NA
"HMDB0013339","C18:1-OH carnitine",0.666243898193329,0.412215368193947,NA,NA
"HMDB0006469","C18:2 carnitine",1.48538363217839,0.0600481298134573,NA,NA
"HMDB0006460","C20 carnitine",1.09381389610534,0.0676420266164198,NA,NA
"HMDB0003282","1-methylguanine",0.334168736878734,0.509970087615163,NA,NA
"HMDB0001563","1-methylguanosine",0.173455327484445,0.807146672793238,NA,NA
"HMDB0004030","21-deoxycortisol",-0.295939389354531,0.549582904927588,NA,NA
"HMDB0013716","2-aminoheptanoic acid",-0.215178705990146,0.602108477421697,NA,NA
"HMDB0004326","2'-O-methyladenosine",0.47827782609356,0.330377650420893,NA,NA
"HMDB0001886","3-methylxanthine",0.169293915688247,0.887669319646303,NA,NA
"HMDB0006023","3'-O-methyladenosine",-0.16100572232768,0.630923739447894,NA,NA
"HMDB0001169","4-aminophenol",0.355877106817863,0.465025338836946,NA,NA
"HMDB0003464","4-guanidinobutanoic acid",0.345033188809872,0.343470630305924,NA,NA
"HMDB0059824","4-hydroxy-3-methylacetophenone",-0.108221133306911,0.755446095867117,NA,NA
"HMDB0000897","7-methylguanine",1.29203046914533,0.0696277950109312,NA,NA
"HMDB0001991","7-methylxanthine",-0.76991916895982,0.114750306891223,NA,NA
"HMDB0003333","8-hydroxy-deoxyguanosine",0.107176517596027,0.794183707670785,NA,NA
"HMDB0001859","acetaminophen",0.632961590454602,0.228413302277782,NA,NA
"HMDB0000212","acetyl-galactosamine",-0.360498562005764,0.405279223041014,NA,NA
"HMDB0001432","agmatine",0.897520043005109,0.0873228733828932,NA,NA
"HMDB0000557","alloisoleucine",-0.226223602299214,0.791912622056626,NA,NA
"HMDB0001924","atenolol",0.601058139428694,0.537120253127087,NA,NA
"HMDB0013222","beta-guanidinopropionic acid",-0.388573308854362,0.505561771532737,NA,NA
"HMDB0001008","biliverdin",1.02198430113608,0.215041690812608,NA,NA
"HMDB0000030","biotin",0.335193163056044,0.418946108848184,NA,NA
"HMDB0002322","cadaverine",0.99850826028316,0.154102943584024,NA,NA
"HMDB0001847","caffeine",-0.567059506324501,0.359838094855175,NA,NA
"HMDB0000063","cortisol",-0.40699468351224,0.330374873247261,NA,NA
"HMDB0003459","alanylalanine",0.71688332406697,0.0795951930503009,NA,NA
"HMDB0041876","diacetylspermine",1.76002458878193,0.0610485899483463,NA,NA
"HMDB0003431","histidinol",0.331277034198564,0.520123833328031,NA,NA
"HMDB0000670","homoarginine",0.561290600822787,0.205349209991639,NA,NA
"HMDB0000679","homocitrulline",0.0256205603163604,0.97670773819448,NA,NA
"HMDB0002271","imidazole propionate",-0.52933535563826,0.395684373825742,NA,NA
"HMDB0002024","imidazoleacetic acid",-0.600327017706899,0.23364825935571,NA,NA
"HMDB0001921","metformin",0.737386550574103,0.172863759858479,NA,NA
"HMDB0002820","methylimidazole acetic acid",-1.38281779715133,0.0651146998183065,NA,NA
"HMDB0015052","metronidazole",1.59339574057841,0.0591879850777974,NA,NA
"HMDB0002172","N1,N12-diacetylspermine",1.67672781341894,0.0531444774295248,NA,NA
"HMDB0001276","N1-acetylspermidine",0.86897842074546,0.159094068204958,NA,NA
"HMDB0004193","N1-methyl-2-pyridone-5-carboxamide",0.949189472238384,0.0430883546757273,NA,NA
"HMDB0000766","N-acetyalanine",0.406048740474153,0.459763899992543,NA,NA
"HMDB0000812","N-acetylaspartic acid",0.22086478258629,0.81341582308805,NA,NA
"HMDB0006029","N-acetylglutamine",0.202658259546912,0.666625868839857,NA,NA
"HMDB0013253","N-acetylhistamine",-0.42735408375091,0.538947970019307,NA,NA
"HMDB0032055","N-acetylhistidine",-0.0812773053048907,0.845830731186549,NA,NA
"HMDB0003357","N-acetylornithine",0.934848765545709,0.044597712318051,NA,NA
"HMDB0004620","N-alpha-acetylarginine",0.384513677813146,0.174074781699316,NA,NA
"HMDB0004610","phytosphingosine",-0.365811384248584,0.458133451843004,NA,NA
"HMDB0004827","proline betaine",0.267408120144591,0.751011650060599,NA,NA
"HMDB0000802","pterin",0.153482221574482,0.625346721346141,NA,NA
"HMDB0000239","pyridoxine",0.983478611156357,0.0112635731747918,NA,NA
"HMDB0014611","quinine",1.54172417099969,0.277227883875921,NA,NA
"HMDB0001185","S-adenosylmethionine",0.390130668149002,0.499233276553107,NA,NA
"HMDB0000269","sphinganine",-0.469440238552892,0.294281031650235,NA,NA
"HMDB0000875","trigonelline",1.23996529388575,0.0599223012142398,NA,NA
"HMDB0010387","C18:3 LPC",1.21611925978128,0.0689665838319709,NA,NA
"HMDB0011130","C18:0 LPE-B",0.576963428822744,0.192350645261663,NA,NA
"HMDB0011526","C22:6 LPE",-0.250551440017794,0.676212673352619,NA,NA
"HMDB0000252","sphingosine-isomer1",0.400276953206802,0.433412543839542,NA,NA
"HMDB0000252","sphingosine-isomer2",0.404212540199708,0.395527161990053,NA,NA
"HMDB0000252","sphingosine-isomer3",0.396601968423756,0.399025265437609,NA,NA
"HMDB0000036","taurocholate",2.31593621944981,0.00719262732866591,"HMDB0000036","taurocholate"
"HMDB0000043","betaine",1.25944500066579,0.0147939062455201,"HMDB0000043","betaine"
"HMDB0000064","creatine",2.98818690098177,0.000912130189207335,"HMDB0000064","creatine"
"HMDB0000086","alpha-glycerophosphocholine",1.54767704794321,0.0208734371340742,"HMDB0000086","alpha-glycerophosphocholine"
"HMDB0000094","citrate",1.14445367067312,0.0319381944542014,"HMDB0000094","citrate"
"HMDB0000097","choline",1.86583817542872,0.00114021053923914,"HMDB0000097","choline"
"HMDB0000138","glycocholate",2.16868020993017,0.0287991453559469,"HMDB0000138","glycocholate"
"HMDB0000156","malate",1.04966339997748,0.0120359084965301,"HMDB0000156","malate"
"HMDB0000159","phenylalanine",1.22999232032651,0.0158472537344976,"HMDB0000159","phenylalanine"
"HMDB0000177","histidine",1.32204452296556,0.0183795659915515,"HMDB0000177","histidine"
"HMDB0000194","anserine",1.6087960518592,0.0355987576262546,"HMDB0000194","anserine"
"HMDB0000201","C2 carnitine",2.98958497863669,0.000634215203693074,"HMDB0000201","C2 carnitine"
"HMDB0000222","C16 carnitine",2.20151842092048,0.00287118835841854,"HMDB0000222","C16 carnitine"
"HMDB0000247","sorbitol",1.15159993409327,0.00347416361775454,"HMDB0000247","sorbitol"
"HMDB0000251","taurine",2.88392248835853,0.00228164265479839,"HMDB0000251","taurine"
"HMDB0000452","2-aminobutyrate",1.05586675591896,0.0140050649992546,"HMDB0000452","2-aminobutyrate"
"HMDB0000479","3-methylhistidine",1.65982223602071,0.0323822955717082,"HMDB0000479","3-methylhistidine"
"HMDB0000562","creatinine",2.35650464694501,0.00988986683001888,"HMDB0000562","creatinine"
"HMDB0000610","C18:2 CE",1.78374218642741,0.000467100389269112,"HMDB0000610","C18:2 CE"
"HMDB0000619","cholate",1.16366041323488,0.0286068760377033,"HMDB0000619","cholate"
"HMDB0000637","glycochenodeoxycholate",1.60895826442088,0.0183338322405166,"HMDB0000637","glycochenodeoxycholate"
"HMDB0000641","glutamine",1.31595189119678,0.0307654705108975,"HMDB0000641","glutamine"
"HMDB0000688","C5 carnitine",4.60512554170669,0.0191769522962339,"HMDB0000688","C5 carnitine"
"HMDB0000779","phenylalanine",1.00729571528793,0.0225402822636359,"HMDB0000779","phenylalanine"
"HMDB0000792","sebacate",-1.42401436053043,0.00350463357025264,"HMDB0000792","sebacate"
"HMDB0000848","C18 carnitine",1.82098490293289,0.0260685697001381,"HMDB0000848","C18 carnitine"
"HMDB0000885","C16:0 CE",1.18940485518401,0.00989793301968459,"HMDB0000885","C16:0 CE"
"HMDB0000929","tryptophan",1.13462805852432,0.0237489203967978,"HMDB0000929","tryptophan"
"HMDB0000932","tauro-alpha-muricholate/tauro-beta-muricholate",3.10607420284272,0.0220347499123632,"HMDB0000932","tauro-alpha-muricholate/tauro-beta-muricholate"
"HMDB0000951","taurochenodeoxycholate",2.00063874930644,0.0319754245003498,"HMDB0000951","taurochenodeoxycholate"
"HMDB0001043","arachidonate",1.69848468023955,0.000966618672917079,"HMDB0001043","arachidonate"
"HMDB0001186","N1-acetylspermine",2.37085432710386,0.00673062423405835,"HMDB0001186","N1-acetylspermine"
"HMDB0001227","dTMP",2.66096513784024,0.0175025578659965,"HMDB0001227","dTMP"
"HMDB0001325","N6,N6,N6-trimethyllysine",1.9470688893456,0.0271895908538078,"HMDB0001325","N6,N6,N6-trimethyllysine"
"HMDB0001390","hydroxycotinine",-1.47159348645011,0.0384725343006738,"HMDB0001390","hydroxycotinine"
"HMDB0001414","putrescine",2.43654641079073,0.0035799772299411,"HMDB0001414","putrescine"
"HMDB0001539","ADMA/SDMA",1.74300259962813,0.00468033923217798,"HMDB0001539","ADMA/SDMA"
"HMDB0001906","aminoisobutyric acid/GABA",1.20111804567007,0.0161168762168259,"HMDB0001906","aminoisobutyric acid/GABA"
"HMDB0001976","docosapentaenoate",1.8936456711509,0.0238105443182862,"HMDB0001976","docosapentaenoate"
"HMDB0001999","eicosapentaenoate",1.6492767798316,0.035788268337924,"HMDB0001999","eicosapentaenoate"
"HMDB0002064","N-acetylputrescine",3.069223240706,0.000270052541935536,"HMDB0002064","N-acetylputrescine"
"HMDB0002183","docosahexaenoate",1.97157048744402,0.00422490775936972,"HMDB0002183","docosahexaenoate"
"HMDB0002226","adrenate",1.76171349413756,0.00128384569698797,"HMDB0002226","adrenate"
"HMDB0002250","C12 carnitine",3.39310006472582,0.0495876694860669,"HMDB0002250","C12 carnitine"
"HMDB0002329","oxalate",1.02714652529194,0.0279721764550785,"HMDB0002329","oxalate"
"HMDB0002815","C18:1 LPC",1.61713978405167,0.0365514260741972,"HMDB0002815","C18:1 LPC"
"HMDB0002925","eicosatrienoate",1.32384127840414,0.0135996944612057,"HMDB0002925","eicosatrienoate"
"HMDB0004159","urobilin",-3.55711062713171,0.0227188272755041,"HMDB0004159","urobilin"
"HMDB0004161","urobilin",-3.04362469530083,0.0348263657588745,"HMDB0004161","urobilin"
"HMDB0004824","N2,N2-dimethylguanosine",2.5977901291325,0.0253261545969049,"HMDB0004824","N2,N2-dimethylguanosine"
"HMDB0004953","C24:1 Ceramide (d18:1)",1.43362907432823,0.0142640780835958,"HMDB0004953","C24:1 Ceramide (d18:1)"
"HMDB0005015","gabapentin",1.01443794123975,0.0134031570633422,"HMDB0005015","gabapentin"
"HMDB0005060","eicosadienoate",1.04338504312707,0.00662266534648531,"HMDB0005060","eicosadienoate"
"HMDB0005065","C18:1 carnitine",2.06142455257332,0.0131170412367077,"HMDB0005065","C18:1 carnitine"
"HMDB0005066","C14 carnitine",3.05134219683411,0.00482193116754908,"HMDB0005066","C14 carnitine"
"HMDB0005462","C56:7 TAG",3.79923319530154,0.000266776049609396,"HMDB0005462","C56:7 TAG"
"HMDB0005476","C58:10 TAG",5.89775194841646,7.85240292932298e-05,"HMDB0005476","C58:10 TAG"
"HMDB0006344","phenylacetylglutamine",2.90016899216649,0.001715168727068,"HMDB0006344","phenylacetylglutamine"
"HMDB0006726","C20:4 CE",2.24454249377668,0.000118321269658409,"HMDB0006726","C20:4 CE"
"HMDB0006731","C20:5 CE",2.3951930789152,0.00362781581681403,"HMDB0006731","C20:5 CE"
"HMDB0006733","C22:6 CE",2.17491524795271,0.0108062342418575,"HMDB0006733","C22:6 CE"
"HMDB0007199","C38:5 DAG",1.98155671507743,0.0336961968285358,"HMDB0007199","C38:5 DAG"
"HMDB0007871","C32:0 PC",1.96927550973331,0.00930404226193988,"HMDB0007871","C32:0 PC"
"HMDB0007970","C34:0 PC",2.46904389985544,0.0193765177879417,"HMDB0007970","C34:0 PC"
"HMDB0008006","C34:3 PC",2.60570611642908,0.0182348116258863,"HMDB0008006","C34:3 PC"
"HMDB0008038","C36:1 PC",1.25623731791373,0.0392499625126249,"HMDB0008038","C36:1 PC"
"HMDB0010169","C16:0 SM",2.18617660018487,0.00609889365384238,"HMDB0010169","C16:0 SM"
"HMDB0010370","C18:3 CE",1.65840802144649,0.00875479336380934,"HMDB0010370","C18:3 CE"
"HMDB0010379","C16:0 LPC",1.49051351549572,0.0227409442788946,"HMDB0010379","C16:0 LPC"
"HMDB0010382","C16:0 LPC",1.50824430146575,0.00901329350600912,"HMDB0010382","C16:0 LPC"
"HMDB0010383","C16:1 LPC",1.34150121261371,0.0281797339117357,"HMDB0010383","C16:1 LPC"
"HMDB0010384","C18:0 LPC",2.21060347242036,0.00169964822244489,"HMDB0010384","C18:0 LPC"
"HMDB0010391","C20:1 LPC",2.35936764424012,0.0221925485765237,"HMDB0010391","C20:1 LPC"
"HMDB0010393","C20:3 LPC",1.49737881079109,0.0161443732730497,"HMDB0010393","C20:3 LPC"
"HMDB0010395","C20:4 LPC",2.79508329957945,0.0028381837345977,"HMDB0010395","C20:4 LPC"
"HMDB0010404","C22:6 LPC",4.53475126955466,3.85234989215997e-05,"HMDB0010404","C22:6 LPC"
"HMDB0010407","C16:1 LPC plasmalogen",2.45460642128593,0.00191015343061455,"HMDB0010407","C16:1 LPC plasmalogen"
"HMDB0011130","C18:0 LPE",2.44279289189078,0.000151311689307933,"HMDB0011130","C18:0 LPE"
"HMDB0011130","C18:0 LPE-A",2.01297431508992,0.00250727223692365,"HMDB0011130","C18:0 LPE-A"
"HMDB0011208","C34:1 PC plasmalogen",2.10457548814014,0.00172002839006817,"HMDB0011208","C34:1 PC plasmalogen"
"HMDB0011212","C34:4 PC plasmalogen",1.91029208310062,0.0371359424539063,"HMDB0011212","C34:4 PC plasmalogen"
"HMDB0011241","C36:1 PC plasmalogen",2.1126128497231,0.0146352176116568,"HMDB0011241","C36:1 PC plasmalogen"
"HMDB0011243","C36:2 PC plasmalogen",2.55906763271313,0.000598773155928435,"HMDB0011243","C36:2 PC plasmalogen"
"HMDB0011252","C38:4 PC plasmalogen",3.4283204814974,0.0151561394212591,"HMDB0011252","C38:4 PC plasmalogen"
"HMDB0011310","C36:4 PC plasmalogen",2.81507554677955,0.0328011588279516,"HMDB0011310","C36:4 PC plasmalogen"
"HMDB0011503","C16:0 LPE",1.04903612568196,0.0432183390324509,"HMDB0011503","C16:0 LPE"
"HMDB0011507","C18:2 LPE",2.50980749942399,0.0303566875485935,"HMDB0011507","C18:2 LPE"
"HMDB0011520","C22:0 LPE",2.36195893509499,0.00691268041543379,"HMDB0011520","C22:0 LPE"
"HMDB0011697","C24:0 SM",1.75865780469879,0.0228513549531688,"HMDB0011697","C24:0 SM"
"HMDB0012097","C14:0 SM",3.00891674320514,0.00693344348714034,"HMDB0012097","C14:0 SM"
"HMDB0012102","C20:0 SM",1.46749991484666,0.0490617583141641,"HMDB0012102","C20:0 SM"
"HMDB0012104","C22:1 SM",1.95754023852442,0.00577773167709817,"HMDB0012104","C22:1 SM"
"HMDB0012107","C24:1 SM",1.74879912517096,0.00382686041653648,"HMDB0012107","C24:1 SM"
"HMDB0013122","C18:1 LPC plasmalogen",2.7015211370304,0.000976058453083421,"HMDB0013122","C18:1 LPC plasmalogen"
"HMDB0013287","N6,N6-dimethyllysine",1.40608061429582,0.0362235596040282,"HMDB0013287","N6,N6-dimethyllysine"
"HMDB0013325","C10:2 carnitine",3.22675839231516,0.0470477869337973,"HMDB0013325","C10:2 carnitine"
"HMDB0015070","oxymetazoline",-2.70813795361434,0.0185672577391415,"HMDB0015070","oxymetazoline"
"HMDB0030180","crustecdysone",2.10527982102209,0.0283196414180189,"HMDB0030180","crustecdysone"
