"HMDBID"	"CHEBI"	"label"	"log2FC_met"	"pvalue_met"
"HMDB0000014"	"CHEBI:15698"	"2-deoxycytidine"	0.322260224750462	0.519166841841022
"HMDB0000017"	"CHEBI:17405"	"4-pyridoxate"	0.173218963403919	0.607049165653052
"HMDB0000019"	"CHEBI:16530"	"alpha-ketoisovalerate"	-0.472335834651323	0.399172229058099
"HMDB0000020"	"CHEBI:18101"	"p-hydroxyphenylacetate"	0.295029298324316	0.375916959186704
"HMDB0000026"	"CHEBI:18261"	"N-carbamoyl-beta-alanine"	1.0801222194929	0.0110663770852009
"HMDB0000030"	"CHEBI:15956"	"biotin"	0.584418377693066	0.194320910940888
"HMDB0000034"	"CHEBI:16708"	"adenine"	-0.413721550866562	0.373541638050929
"HMDB0000036"	"CHEBI:28865"	"taurocholate"	0.826080572101702	0.353300354125846
"HMDB0000039"	"CHEBI:30772"	"butyrate"	-0.118625337078395	0.716588435184898
"HMDB0000043"	"CHEBI:41139"	"betaine"	0.99881109378471	0.0394935372487073
"HMDB0000044"	"CHEBI:29073"	"ascorbate"	0.378208855554281	0.470829066624955
"HMDB0000050"	"CHEBI:16335"	"adenosine"	0.292076446229526	0.545244433556026
"HMDB0000054"	"CHEBI:16990"	"bilirubin"	0.491734207939132	0.582175012013023
"HMDB0000056"	"CHEBI:16958"	"beta-alanine"	0.754401103291755	0.116689468211755
"HMDB0000062"	"CHEBI:16347"	"carnitine"	0.427707120185492	0.309574351765625
"HMDB0000063"	"CHEBI:17650"	"cortisol"	-0.636602364035081	0.177221239382556
"HMDB0000064"	"CHEBI:16919"	"creatine"	1.73815345950752	0.0383328166169785
"HMDB0000067"	"CHEBI:16113"	"cholesterol"	0.313102546819156	0.646165017117855
"HMDB0000086"	"CHEBI:16870"	"alpha-glycerophosphocholine"	1.18204148244695	0.0289412220272635
"HMDB0000089"	"CHEBI:17562"	"cytidine"	-0.553580631550293	0.385779172262294
"HMDB0000092"	"CHEBI:17724"	"dimethylglycine"	-0.302017246764573	0.588898864535062
"HMDB0000094"	"CHEBI:30769"	"citrate"	0.531432265580371	0.298217656591026
"HMDB0000097"	"CHEBI:15354"	"choline"	1.72605030744721	0.00188974149672838
"HMDB0000098"	"CHEBI:53455"	"xylose"	0.0490346359726068	0.817959730524499
"HMDB0000101"	"CHEBI:17256"	"2-deoxyadenosine"	0.0860213979822859	0.86331978117179
"HMDB0000118"	"CHEBI:545959"	"homovanillate"	-0.406931366877322	0.568249826506919
"HMDB0000122"	"CHEBI:15903"	"fructose/glucose/galactose"	-0.0120985672893674	0.965556374643323
"HMDB0000123"	"CHEBI:15428"	"glycine"	0.687262671726593	0.130564257334733
"HMDB0000126"	"CHEBI:15978"	"alpha-glycerophosphate"	1.28904550329448	0.103850188021308
"HMDB0000132"	"CHEBI:16235"	"guanine"	-0.435424352313136	0.320017360133449
"HMDB0000133"	"CHEBI:16750"	"guanosine"	0.285494598311956	0.343727540896799
"HMDB0000134"	"CHEBI:18012"	"fumarate/maleate"	0.0998155642376606	0.768995838255671
"HMDB0000138"	"CHEBI:17687"	"glycocholate"	0.626298995218853	0.347921114463815
"HMDB0000139"	"CHEBI:32398"	"glycerate"	-0.223312914055548	0.471541559720603
"HMDB0000148"	"CHEBI:16015"	"glutamate"	0.180505293532249	0.62968312804581
"HMDB0000152"	"CHEBI:17189"	"gentisate"	0.504792151685248	0.176333263273926
"HMDB0000156"	"CHEBI:30797"	"malate"	0.430236546291979	0.337582498475084
"HMDB0000157"	"CHEBI:17368"	"hypoxanthine"	-0.165105529201245	0.746601319796783
"HMDB0000158"	"CHEBI:17895"	"tyrosine"	-0.00784554937670734	0.980515766643296
"HMDB0000159"	"CHEBI:17295"	"phenylalanine"	0.562670047672245	0.210885221359081
"HMDB0000161"	"CHEBI:16977"	"alanine"	-0.00883540264584326	0.979901941685819
"HMDB0000162"	"CHEBI:17203"	"proline"	-0.284132529799685	0.460618402531512
"HMDB0000167"	"CHEBI:16857"	"threonine"	0.213926802217035	0.601262642697834
"HMDB0000172"	"CHEBI:17191"	"isoleucine"	0.271081762776774	0.524236946932873
"HMDB0000174"	"CHEBI:42548"	"fucose"	0.162414190149757	0.568078109607962
"HMDB0000177"	"CHEBI:15971"	"histidine"	0.879603157202073	0.0655592582057602
"HMDB0000182"	"CHEBI:18019"	"lysine"	0.546638777062736	0.207965589227277
"HMDB0000186"	"CHEBI:36219"	"lactose"	0.222225749824805	0.590237807205261
"HMDB0000187"	"CHEBI:17115"	"serine"	-0.0312788867840972	0.941629962472604
"HMDB0000190"	"CHEBI:422"	"lactate"	0.55844130459996	0.22321649479861
"HMDB0000191"	"CHEBI:17053"	"aspartate"	-0.244881801387102	0.601053536348126
"HMDB0000194"	"CHEBI:18323"	"anserine"	-0.265304581827934	0.771772928287419
"HMDB0000195"	"CHEBI:17596"	"inosine"	0.825463276731043	0.100366585094198
"HMDB0000197"	"CHEBI:16411"	"indoleacetate"	0.0679097173688259	0.831857249750356
"HMDB0000201"	"CHEBI:57589"	"C2 carnitine"	2.89785803196189	0.000550606315721025
"HMDB0000206"	"CHEBI:17752"	"N6-acetyllysine"	0.167382527515763	0.544359371737463
"HMDB0000207"	"CHEBI:16196"	"oleate"	0.180797707416374	0.587977285314643
"HMDB0000209"	"CHEBI:30745"	"phenylacetate"	-0.127484533627328	0.757025520825527
"HMDB0000210"	"CHEBI:46905"	"pantothenate"	-0.403422626211455	0.290872980109209
"HMDB0000212"	"CHEBI:40356"	"acetyl-galactosamine"	-0.766071284231234	0.0694738241880708
"HMDB0000214"	"CHEBI:15729"	"ornithine"	0.834541151377696	0.265258740404053
"HMDB0000216"	"CHEBI:18357"	"norepinephrine"	0.0667834628891804	0.870931652678667
"HMDB0000220"	"CHEBI:15756"	"palmitate"	0.0414661735339585	0.892126753514783
"HMDB0000222"	"CHEBI:17490"	"C16 carnitine"	1.50655361622674	0.0353240922928003
"HMDB0000226"	"CHEBI:16742"	"orotate"	-0.990702453131288	0.0486583527310747
"HMDB0000237"	"CHEBI:30768"	"propionate"	-0.19340861036245	0.460756908781509
"HMDB0000239"	"CHEBI:16709"	"pyridoxine"	1.08342851309152	0.0137213211906319
"HMDB0000244"	"CHEBI:17015"	"riboflavin"	0.175605081934776	0.709752060539554
"HMDB0000245"	"CHEBI:17381"	"porphobilinogen"	-0.807280404896449	0.0352669018953191
"HMDB0000247"	"CHEBI:17924"	"sorbitol"	0.789883469419877	0.109934501680907
"HMDB0000251"	"CHEBI:15891"	"taurine"	2.72528393205674	0.00582529957846829
"HMDB0000252"	"CHEBI:16393"	"sphingosine-isomer3"	0.219463637790216	0.665728161637104
"HMDB0000252"	"CHEBI:16393"	"sphingosine-isomer2"	0.495134008844495	0.453045238843882
"HMDB0000252"	"CHEBI:16393"	"sphingosine-isomer1"	0.782619490312687	0.157233672973126
"HMDB0000252"	"CHEBI:16393"	"sphingosine"	0.218865109786996	0.684936487276196
"HMDB0000254"	"CHEBI:15741"	"succinate"	0.157877416060185	0.766729724394104
"HMDB0000259"	"CHEBI:28790"	"serotonin"	-0.280111968616955	0.71004794240747
"HMDB0000262"	"CHEBI:17821"	"thymine"	-0.0301087894480503	0.948798550576661
"HMDB0000269"	"CHEBI:16566"	"sphinganine"	0.0250519367320798	0.949651132763895
"HMDB0000289"	"CHEBI:17775"	"urate"	-0.260880162765606	0.684489181423843
"HMDB0000292"	"CHEBI:17712"	"xanthine"	-0.580300994683647	0.164885348823399
"HMDB0000296"	"CHEBI:16704"	"uridine"	0.901478210755201	0.0337804826847285
"HMDB0000300"	"CHEBI:17568"	"uracil"	0.208110226483019	0.626586038253675
"HMDB0000317"	"CHEBI:89228"	"2-hydroxy-3-methylpentanoate"	-0.374048372585754	0.540405543856223
"HMDB0000355"	"CHEBI:16831"	"3-hydroxymethylglutarate"	0.502882455787493	0.170268575420896
"HMDB0000391"	"CHEBI:16390"	"ketodeoxycholate"	1.00932218277942	0.0729697962676617
"HMDB0000407"	"CHEBI:60645"	"2-hydroxy-3-methylbutyrate"	0.363601787122601	0.458181206478461
"HMDB0000448"	"CHEBI:30832"	"adipate"	-0.449460417301616	0.408299377357414
"HMDB0000452"	"CHEBI:35619"	"2-aminobutyrate"	0.114635677756013	0.779094320683785
"HMDB0000472"	"CHEBI:17780"	"5-hydroxytryptophan"	1.27505875602831	0.0473046898090117
"HMDB0000479"	"CHEBI:27596"	"3-methylhistidine"	0.342319881621599	0.66102077872537
"HMDB0000482"	"CHEBI:28837"	"caprylate"	0.283119031731029	0.75273804284211
"HMDB0000506"	"CHEBI:81243"	"alpha-muricholate"	1.71489128767749	0.0407457988659929
"HMDB0000510"	"CHEBI:37023"	"2-aminoadipate"	0.437691862857612	0.265415420568978
"HMDB0000511"	"CHEBI:30813"	"caprate"	0.120288131049902	0.885461443784668
"HMDB0000517"	"CHEBI:16467"	"arginine"	0.555345769015506	0.240368663986773
"HMDB0000518"	"CHEBI:16755"	"chenodeoxycholate"	0.185108542911305	0.733694312036542
"HMDB0000522"	"CHEBI:37245"	"3-methylglutaconate"	0.176228315795552	0.580896764729663
"HMDB0000529"	"CHEBI:86595"	"5-dodecenoate"	0.455694703544863	0.366792598554003
"HMDB0000535"	"CHEBI:30776"	"caproate"	-1.18994409951307	0.269992318638237
"HMDB0000557"	"CHEBI:43433"	"alloisoleucine"	0.12035642243012	0.897666946275504
"HMDB0000562"	"CHEBI:16737"	"creatinine"	1.28866905418235	0.148341578087384
"HMDB0000610"	"CHEBI:41509"	"C18:2 CE"	0.906807873080634	0.0951429507975916
"HMDB0000613"	"CHEBI:37655"	"erythronate"	1.04225666984165	0.0184018622027611
"HMDB0000619"	"CHEBI:16359"	"cholate"	0.78155954041528	0.145950861906824
"HMDB0000623"	"CHEBI:4676"	"dodecanedioate"	0.143692792858793	0.794951164450258
"HMDB0000626"	"CHEBI:28834"	"deoxycholate"	-0.144408677482222	0.713043077900805
"HMDB0000630"	"CHEBI:16040"	"cytosine"	0.0255576835050562	0.971213383033366
"HMDB0000631"	"CHEBI:27471"	"glycodeoxycholate"	0.0889899177896467	0.885461197976269
"HMDB0000637"	"CHEBI:36274"	"glycochenodeoxycholate"	0.595964703062297	0.277941471452241
"HMDB0000638"	"CHEBI:30805"	"dodecanoate"	0.00428888700699304	0.996300086168586
"HMDB0000641"	"CHEBI:18050"	"glutamine"	0.753557500051681	0.165437821963309
"HMDB0000651"	"CHEBI:28717"	"C10 carnitine"	1.10310321196729	0.535922203775214
"HMDB0000658"	"CHEBI:84323"	"C16:1 CE"	0.972049315126124	0.215060368642518
"HMDB0000666"	"CHEBI:45571"	"heptanoate"	-0.885930182633706	0.594201351951003
"HMDB0000670"	"CHEBI:27747"	"homoarginine"	0.6659900611157	0.172686584878729
"HMDB0000672"	"CHEBI:73722"	"hexadecanedioate"	-0.263805547978267	0.310131094247504
"HMDB0000673"	"CHEBI:17351"	"linoleate"	0.211734397489657	0.554237558068392
"HMDB0000679"	"CHEBI:17443"	"homocitrulline"	0.233957265596638	0.755724862087357
"HMDB0000687"	"CHEBI:15603"	"leucine"	0.123984500212579	0.745311916696917
"HMDB0000688"	"CHEBI:73025"	"C5 carnitine"	1.89495869314708	0.234064344537642
"HMDB0000691"	"CHEBI:30794"	"malonate"	0.445318384929562	0.467455289464569
"HMDB0000696"	"CHEBI:16643"	"methionine"	0.0280489703732449	0.949434334354836
"HMDB0000698"	"CHEBI:37998"	"glycolithocholate"	-0.00227098595728492	0.997031642539861
"HMDB0000699"	"CHEBI:16797"	"1-methylnicotinamide"	0.626876218093765	0.470539546078832
"HMDB0000703"	"CHEBI:32800"	"mandelate"	0.493500495218742	0.154305784599993
"HMDB0000708"	"CHEBI:89929"	"glycoursodeoxycholate"	1.00512268627228	0.223935401911209
"HMDB0000711"	"CHEBI:86543"	"2-hydroxyoctanoate"	0.549628382952072	0.233397955281164
"HMDB0000714"	"CHEBI:18089"	"hippurate"	0.560085537746053	0.12179908960337
"HMDB0000715"	"CHEBI:18344"	"kynurenic acid"	0.532263072636894	0.473770118230705
"HMDB0000716"	"CHEBI:30913"	"pipecolic acid"	0.302411204715508	0.56464571096133
"HMDB0000722"	"CHEBI:36259"	"taurolithocholate"	1.18228983891501	0.0764137781045271
"HMDB0000725"	"CHEBI:18095"	"hydroxyproline"	0.976191066404573	0.117652055420003
"HMDB0000761"	"CHEBI:16325"	"lithocholate"	-0.128090639270937	0.840723593494718
"HMDB0000764"	"CHEBI:28631"	"hydrocinnamate"	0.135552037243404	0.863777922908254
"HMDB0000766"	"CHEBI:40992"	"N-acetyalanine"	0.563234644523332	0.258626307889851
"HMDB0000766"	"CHEBI:40992"	"acetylalanine"	-0.37520649651487	0.211437167824467
"HMDB0000767"	"CHEBI:17802"	"pseudouridine"	0.342051601055317	0.491627671086158
"HMDB0000772"	"CHEBI:39246"	"nonadecanoate"	-0.0449376087350313	0.932464593144125
"HMDB0000779"	"CHEBI:25998"	"phenyllactate"	0.613512613693388	0.453424944240406
"HMDB0000779"	"CHEBI:25998"	"phenylalanine"	0.293688094441716	0.462519548646336
"HMDB0000784"	"CHEBI:48131"	"azelate"	-0.110774433230851	0.771837624062817
"HMDB0000786"	"CHEBI:28315"	"oxypurinol"	-0.246335107660659	0.591576966461265
"HMDB0000792"	"CHEBI:41865"	"sebacate"	-0.195817152456044	0.612518511711156
"HMDB0000801"	"CHEBI:16285"	"phytanate"	0.135056165149582	0.786306055262837
"HMDB0000802"	"CHEBI:18265"	"pterin"	0.118649252389954	0.649560929985568
"HMDB0000806"	"CHEBI:28875"	"myristate"	0.0314066101244563	0.950059229431907
"HMDB0000812"	"CHEBI:21547"	"N-acetylaspartic acid"	-0.731321057945149	0.457801350576562
"HMDB0000824"	"CHEBI:53210"	"C3 carnitine"	1.58294170520552	0.163065973129242
"HMDB0000826"	"CHEBI:42504"	"pentadecanoate"	0.0412749941451942	0.922733556605366
"HMDB0000827"	"CHEBI:28842"	"stearate"	-0.0989125604677099	0.829201899139848
"HMDB0000848"	"CHEBI:84644"	"C18 carnitine"	1.61050200833377	0.0286038748153306
"HMDB0000866"	"CHEBI:21563"	"acetytyrosine"	0.347917860962632	0.248583320678559
"HMDB0000870"	"CHEBI:18295"	"histamine"	0.403702291135026	0.548977674810487
"HMDB0000872"	"CHEBI:76308"	"tetradecanedioate"	-0.140534391341648	0.523775955703075
"HMDB0000873"	"CHEBI:17254"	"4-methylcatechol"	-0.423382850607993	0.425415178669837
"HMDB0000875"	"CHEBI:18123"	"trigonelline"	1.24767365682919	0.0690314719194055
"HMDB0000881"	"CHEBI:10072"	"xanthurenate"	-0.198784333042227	0.67976174093032
"HMDB0000883"	"CHEBI:16414"	"valine"	0.5877829640486	0.165155067666329
"HMDB0000884"	"CHEBI:45996"	"ribothymidine"	0.927601889502309	0.0322732517174237
"HMDB0000885"	"CHEBI:3663"	"C16:0 CE"	0.101007561705313	0.845018417735808
"HMDB0000888"	"CHEBI:73713"	"undecanedionate"	0.00270969109961783	0.993919622541186
"HMDB0000892"	"CHEBI:17418"	"valerate/isovalerate"	-0.557416422970576	0.188941441813154
"HMDB0000893"	"CHEBI:9300"	"suberate"	-0.15102118903231	0.598448100007421
"HMDB0000895"	"CHEBI:15355"	"acetylcholine"	-0.126781445479985	0.864154316241592
"HMDB0000896"	"CHEBI:9410"	"taurodeoxycholate"	0.891116691554164	0.236746718765694
"HMDB0000897"	"CHEBI:28664"	"7-methylguanine"	0.803230248215563	0.31015397508578
"HMDB0000898"	"CHEBI:29009"	"1-methylhistamine"	0.481407399248736	0.510543618722791
"HMDB0000904"	"CHEBI:16349"	"citrulline"	0.0911369100136241	0.822223063923566
"HMDB0000918"	"CHEBI:46898"	"C18:1 CE"	0.104449217874294	0.828394132432966
"HMDB0000925"	"CHEBI:15724"	"trimethylamine-N-oxide"	0.663486806313484	0.341555010586044
"HMDB0000929"	"CHEBI:16828"	"tryptophan"	0.0905791728296563	0.829894348461009
"HMDB0000951"	"CHEBI:16525"	"taurochenodeoxycholate"	0.630000610951427	0.492985889770655
"HMDB0000956"	"CHEBI:15671"	"tartarate"	1.54710568942394	0.11058102700789
"HMDB0000957"	"CHEBI:18135"	"pyrocatechol"	-0.0277092089713129	0.938641501777052
"HMDB0001008"	"CHEBI:17033"	"biliverdin"	0.0108124767209183	0.990110679349599
"HMDB0001043"	"CHEBI:15843"	"arachidonate"	1.59264866175211	0.00160455899164349
"HMDB0001046"	"CHEBI:127762"	"cotinine"	-2.49341929081338	0.215097017724169
"HMDB0001138"	"CHEBI:17533"	"N-acetylglutamate"	-0.508926507214976	0.142756282769919
"HMDB0001149"	"CHEBI:17549"	"5-aminolevulinic acid"	0.627816899053631	0.0667218880914602
"HMDB0001161"	"CHEBI:16244"	"butyrobetaine"	1.32380889265607	0.00672779280958343
"HMDB0001169"	"CHEBI:17602"	"4-aminophenol"	-0.298603689501155	0.563138093496739
"HMDB0001185"	"CHEBI:15414"	"S-adenosylmethionine"	0.650182914500469	0.365973376025645
"HMDB0001186"	"CHEBI:17312"	"N1-acetylspermine"	1.60571074758561	0.0568098314405326
"HMDB0001227"	"CHEBI:17013"	"dTMP"	3.27160994058442	0.000256078516454148
"HMDB0001232"	"CHEBI:16836"	"4-nitrophenol"	3.31497794534962	0.00220633088892654
"HMDB0001257"	"CHEBI:16610"	"spermidine"	1.00805664536697	0.104877171343245
"HMDB0001276"	"CHEBI:17927"	"N1-acetylspermidine"	1.04617577634918	0.0860171464918506
"HMDB0001325"	"CHEBI:17311"	"N6,N6,N6-trimethyllysine"	0.750033058903007	0.366335154012202
"HMDB0001348"	"CHEBI:83358"	"C18:0 SM"	1.35917600922622	0.103929227612847
"HMDB0001370"	"CHEBI:16026"	"diaminopimelate"	-0.478298839225381	0.468874957455693
"HMDB0001388"	"CHEBI:27432"	"alpha-linolenate"	0.59063943401415	0.24655910365084
"HMDB0001406"	"CHEBI:17154"	"niacinamide"	0.505997932417472	0.456516337063817
"HMDB0001414"	"CHEBI:17148"	"putrescine"	1.98682904031148	0.0124831266462748
"HMDB0001432"	"CHEBI:17431"	"agmatine"	0.180526873718993	0.769467308218202
"HMDB0001488"	"CHEBI:15940"	"nicotinate"	-0.8752682382997	0.0136628514555547
"HMDB0001518"	"CHEBI:626842"	"alpha-CEHC"	-0.14955241890117	0.711258307386334
"HMDB0001539"	"CHEBI:17929"	"ADMA/SDMA"	1.02909805697594	0.118277137443418
"HMDB0001547"	"CHEBI:16827"	"corticosterone"	0.201813275337436	0.900825911550392
"HMDB0001563"	"CHEBI:19062"	"1-methylguanosine"	-0.109308610466039	0.866312390121964
"HMDB0001847"	"CHEBI:27732"	"caffeine"	0.719049511276062	0.235780017400132
"HMDB0001859"	"CHEBI:46195"	"acetaminophen"	0.250937351094684	0.677580250182468
"HMDB0001886"	"CHEBI:62207"	"3-methylxanthine"	0.363826789466966	0.742661231053573
"HMDB0001889"	"CHEBI:28177"	"theophylline"	-0.875073720872855	0.254337609039149
"HMDB0001895"	"CHEBI:16914"	"salicylate"	1.33803706807393	0.00460606488063549
"HMDB0001906"	"CHEBI:27971"	"aminoisobutyric acid/GABA"	1.47370048856619	0.00812761918951737
"HMDB0001921"	"CHEBI:6801"	"metformin"	1.01430941484358	0.0522833465708826
"HMDB0001924"	"CHEBI:2904"	"atenolol"	1.34983756146111	0.227416370578852
"HMDB0001954"	"CHEBI:37100"	"3-hydroxyoctanoate"	0.171150060725168	0.549888224730004
"HMDB0001976"	"CHEBI:65136"	"docosapentaenoate"	1.99417412196264	0.00921232894270761
"HMDB0001991"	"CHEBI:48991"	"7-methylxanthine"	-0.997332734163603	0.099916206198666
"HMDB0001999"	"CHEBI:28364"	"eicosapentaenoate"	1.87836540607127	0.0205613069376099
"HMDB0002000"	"CHEBI:27781"	"myristoleate"	0.552936126305744	0.324968279495348
"HMDB0002005"	"CHEBI:17016"	"methionine sulfoxide"	0.378547977651117	0.369568934311261
"HMDB0002014"	"CHEBI:73060"	"C14:1 carnitine"	0.252473089047159	0.761634537608536
"HMDB0002024"	"CHEBI:16974"	"imidazoleacetic acid"	0.494613252494936	0.348804588273
"HMDB0002064"	"CHEBI:17768"	"N-acetylputrescine"	1.80624197034105	0.0566016915335584
"HMDB0002068"	"CHEBI:28792"	"13-docosenoate"	0.837474120761467	0.166579802477366
"HMDB0002100"	"CHEBI:71464"	"palmithoylethanolamide"	0.658019914838185	0.257115079343504
"HMDB0002100"	"CHEBI:71464"	"palmitoylethanolamide"	0.779075083205905	0.14800769171752
"HMDB0002121"	"CHEBI:468005"	"carnosol"	-1.30839509484553	0.160965577411842
"HMDB0002123"	"CHEBI:691622"	"1-3-7-trimethylurate"	-0.706263479071259	0.439664728004029
"HMDB0002172"	"CHEBI:28101"	"N1,N12-diacetylspermine"	1.42457461652175	0.110468510919296
"HMDB0002183"	"CHEBI:28125"	"docosahexaenoate"	1.87237155875795	0.00522639303956302
"HMDB0002203"	"CHEBI:37371"	"3-hydroxydecanoate"	0.473490026620933	0.123014198057777
"HMDB0002212"	"CHEBI:28822"	"arachidate"	-0.0671863260908232	0.907474649894132
"HMDB0002226"	"CHEBI:53487"	"adrenate"	1.66635193637926	0.00130662067961629
"HMDB0002231"	"CHEBI:32425"	"eicosenoate"	0.409518936681138	0.355100226135097
"HMDB0002250"	"CHEBI:77086"	"C12 carnitine"	1.08778262493414	0.420890537250384
"HMDB0002259"	"CHEBI:32365"	"heptadecanoate"	-0.0612693668003708	0.906856332380162
"HMDB0002261"	"CHEBI:59270"	"hydroxymyristate"	0.409028863120156	0.552202581814684
"HMDB0002271"	"CHEBI:73087"	"imidazole propionate"	0.158097627842739	0.800966714118927
"HMDB0002302"	"CHEBI:43580"	"indole-3-propionate"	-0.524292735125158	0.170930976191156
"HMDB0002320"	"CHEBI:70808"	"imidazolelactate"	-0.759468140023042	0.235940556385686
"HMDB0002322"	"CHEBI:18127"	"cadaverine"	0.282207856998209	0.723455066064021
"HMDB0002329"	"CHEBI:16995"	"oxalate"	0.701624845623257	0.204958090217604
"HMDB0002364"	"CHEBI:37659"	"oleanate"	0.204352452769552	0.801109579821864
"HMDB0002368"	"CHEBI:44247"	"nervonic acid"	0.675194615222605	0.223045514993756
"HMDB0002392"	"CHEBI:66682"	"masilinate"	0.488605758003406	0.586972635037442
"HMDB0002815"	"CHEBI:28610"	"C18:1 LPC"	1.88182197845155	0.0155302424546839
"HMDB0002820"	"CHEBI:1606"	"methylimidazole acetic acid"	-0.479527646945126	0.521906715723486
"HMDB0002925"	"CHEBI:53486"	"eicosatrienoate"	1.39436947379442	0.00330179866909947
"HMDB0003070"	"CHEBI:16119"	"shikimate"	-1.22930885734757	0.130443870061621
"HMDB0003229"	"CHEBI:28716"	"palmitoleate"	0.678364253529107	0.0740807343706206
"HMDB0003282"	"CHEBI:21803"	"1-methylguanine"	0.193253292665137	0.724293732083637
"HMDB0003333"	"CHEBI:40304"	"8-hydroxy-deoxyguanosine"	0.302749977466789	0.389181143411822
"HMDB0003339"	"CHEBI:15966"	"glutamate"	-0.190536219651431	0.601478189303118
"HMDB0003357"	"CHEBI:16543"	"N-acetylornithine"	1.2091548363718	0.0212019103430446
"HMDB0003431"	"CHEBI:16255"	"histidinol"	0.486608137401074	0.409304422415647
"HMDB0003459"	"CHEBI:16576"	"alanylalanine"	0.49687055228916	0.168314356747459
"HMDB0003464"	"CHEBI:15728"	"4-guanidinobutanoic acid"	0.729190965713823	0.0975809676245097
"HMDB0004072"	"CHEBI:1883"	"4-hydroxystyrene"	0.634542532830295	0.466250300448835
"HMDB0004193"	"CHEBI:27410"	"N1-methyl-2-pyridone-5-carboxamide"	1.57887601374732	0.00243237083679579
"HMDB0004326"	"CHEBI:119928"	"2'-O-methyladenosine"	0.718613584575515	0.116663292314692
"HMDB0004610"	"CHEBI:46961"	"phytosphingosine"	0.572352412598725	0.238542600742927
"HMDB0004620"	"CHEBI:40521"	"N-alpha-acetylarginine"	0.59554123341761	0.0603096000055627
"HMDB0004705"	"CHEBI:72665"	"12.13-diHOME"	-0.250931503088662	0.509198021413509
"HMDB0004824"	"CHEBI:19289"	"N2,N2-dimethylguanosine"	0.99708573081169	0.435697768430439
"HMDB0004827"	"CHEBI:35280"	"proline betaine"	0.515107232342654	0.514942307824313
"HMDB0004949"	"CHEBI:72959"	"C16:0 Ceramide (d18:1)"	0.539233878502831	0.231493814934093
"HMDB0004952"	"CHEBI:72966"	"C22:0 Ceramide (d18:1)"	0.263322708282775	0.647466544573859
"HMDB0004953"	"CHEBI:74450"	"C24:1 Ceramide (d18:1)"	1.0824024916389	0.0454592922598286
"HMDB0004956"	"CHEBI:72965"	"C24:0 Ceramide (d18:1)"	0.474593036536959	0.372257461417193
"HMDB0005015"	"CHEBI:42797"	"gabapentin"	0.786872606926901	0.0417923709194251
"HMDB0005032"	"CHEBI:3561"	"cetrizine"	-2.76139658621887	0.195524032197525
"HMDB0005060"	"CHEBI:73731"	"eicosadienoate"	0.865159994184243	0.0465089805403026
"HMDB0005065"	"CHEBI:84651"	"C18:1 carnitine"	1.3679445945468	0.0614755523575186
"HMDB0005066"	"CHEBI:84634"	"C14 carnitine"	2.50291428973045	0.0108261746754088
"HMDB0005356"	"CHEBI:77393"	"C48:0 TAG"	0.503811778342087	0.51357012385009
"HMDB0005403"	"CHEBI:77686"	"C54:2 TAG"	1.31354123201926	0.20149712014511
"HMDB0005432"	"CHEBI:75841"	"C48:3 TAG"	2.97254796369545	0.00765897364870289
"HMDB0006029"	"CHEBI:21553"	"N-acetylglutamine"	0.149295544412329	0.709332768263974
"HMDB0006219"	"CHEBI:6067"	"13-cis-retinoic acid"	0.147141325983741	0.808424507687834
"HMDB0006344"	"CHEBI:17884"	"phenylacetylglutamine"	1.12107360298185	0.202166786975959
"HMDB0006460"	"CHEBI:73100"	"C20 carnitine"	1.41321082336585	0.0231938361797307
"HMDB0006469"	"CHEBI:84098"	"C18:2 carnitine"	0.884329306549475	0.225038044277199
"HMDB0006725"	"CHEBI:84304"	"C14:0 CE"	0.832705744806644	0.354197178225765
"HMDB0007011"	"CHEBI:84385"	"C30:0 DAG"	0.406959181361621	0.696286671301205
"HMDB0007098"	"CHEBI:82929"	"C32:0 DAG"	0.408140106495111	0.542573692943515
"HMDB0007099"	"CHEBI:84394"	"C32:1 DAG"	0.346330169075866	0.628771368151878
"HMDB0007100"	"CHEBI:86975"	"C34:0 DAG"	0.0726930494489935	0.89735263533095
"HMDB0007102"	"CHEBI:75466"	"C34:1 DAG"	0.208969509904453	0.759800219649833
"HMDB0007103"	"CHEBI:82927"	"C34:2 DAG"	-0.306628743961873	0.631830736397036
"HMDB0007128"	"CHEBI:84417"	"C32:2 DAG"	-0.643785486467657	0.55683790791469
"HMDB0007132"	"CHEBI:84419"	"C34:3 DAG"	0.0900763300016791	0.897542065952479
"HMDB0007158"	"CHEBI:41847"	"C36:0 DAG"	0.156876567985961	0.711365144125026
"HMDB0007199"	"CHEBI:88399"	"C38:5 DAG"	3.38634530427436	0.000102889807821235
"HMDB0007216"	"CHEBI:75448"	"C36:1 DAG"	0.393504106672076	0.5416177705669
"HMDB0007218"	"CHEBI:52333"	"C36:2 DAG"	0.304624406049957	0.644531256623229
"HMDB0007219"	"CHEBI:75450"	"C36:3 DAG"	-0.224109713874217	0.730574169419825
"HMDB0007248"	"CHEBI:77127"	"C36:4 DAG"	-0.366570099913176	0.590234310548658
"HMDB0007869"	"CHEBI:75062"	"C30:0 PC"	1.09180757108763	0.152470697952284
"HMDB0007871"	"CHEBI:86090"	"C32:0 PC"	2.01995540935312	0.00305759944469782
"HMDB0007873"	"CHEBI:84808"	"C32:1 PC"	3.18613826475556	0.0136398090849597
"HMDB0007970"	"CHEBI:73000"	"C34:0 PC"	3.01742628548658	0.00284539677213299
"HMDB0007972"	"CHEBI:73001"	"C34:1 PC"	1.30691276325028	0.0275663034726707
"HMDB0007973"	"CHEBI:73002"	"C34:2 PC"	1.45054690748814	0.0787688586818596
"HMDB0008006"	"CHEBI:84567"	"C34:3 PC"	2.67613926611151	0.00452269566196239
"HMDB0008038"	"CHEBI:75034"	"C36:1 PC"	1.60455235200372	0.00776304703780481
"HMDB0008039"	"CHEBI:84822"	"C36:2 PC"	1.49514139437805	0.0435805863633924
"HMDB0008048"	"CHEBI:74965"	"C38:4 PC"	0.981582768259331	0.288179956043707
"HMDB0008105"	"CHEBI:74670"	"C36:3 PC"	1.45004911153893	0.0660776898273426
"HMDB0008138"	"CHEBI:42027"	"C36:4 PC-B"	0.463360979534196	0.60935084952969
"HMDB0008270"	"CHEBI:142701"	"C38:2 PC"	0.117585669421615	0.921313563950047
"HMDB0008923"	"CHEBI:73005"	"C32:0 PE"	0.654142468701965	0.247642534368381
"HMDB0008925"	"CHEBI:73006"	"C34:0 PE"	-0.801525303873118	0.322512790813837
"HMDB0010169"	"CHEBI:78646"	"C16:0 SM"	2.40697034049295	0.000446302790339941
"HMDB0010325"	"CHEBI:87248"	"ethyl glucuronide"	-0.739255638569738	0.0604894928867998
"HMDB0010375"	"CHEBI:131924"	"C22:5 CE"	-0.147535766943147	0.854966717185095
"HMDB0010379"	"CHEBI:64489"	"C14:0 LPC"	1.50649277389083	0.0581627097576264
"HMDB0010379"	"CHEBI:64489"	"C16:0 LPC"	1.93405701630351	0.00274232988306476
"HMDB0010379"	"CHEBI:64489"	"C14:0 LPC"	1.48796831787413	0.0494964464573156
"HMDB0010382"	"CHEBI:72998"	"C16:0 LPC"	1.45945220170772	0.00709171749529541
"HMDB0010383"	"CHEBI:73851"	"C16:1 LPC"	1.71959188483372	0.0131565197510898
"HMDB0010384"	"CHEBI:73858"	"C18:0 LPC"	2.46332660153247	0.000357277490146749
"HMDB0010386"	"CHEBI:28733"	"C18:2 LPC"	0.489511363349056	0.413135818502695
"HMDB0010387"	"CHEBI:88698"	"C18:3 LPC"	1.26574906497616	0.0610606019423188
"HMDB0010391"	"CHEBI:88685"	"C20:1 LPC"	2.68323125311003	0.0105170960029973
"HMDB0010393"	"CHEBI:74343"	"C20:3 LPC"	1.43772109007567	0.0164941004179552
"HMDB0010395"	"CHEBI:74344"	"C20:4 LPC"	2.15130658865358	0.0128180718237615
"HMDB0010404"	"CHEBI:73873"	"C22:6 LPC"	4.34995434732071	0.0023730706795365
"HMDB0010407"	"CHEBI:73850"	"C16:1 LPC plasmalogen"	2.53981110865392	0.00159573208134504
"HMDB0011130"	"CHEBI:75036"	"C18:0 LPE-A"	1.86483917908367	0.00381011660674592
"HMDB0011130"	"CHEBI:75036"	"C18:0 LPE-B"	1.20070155395999	0.00811807246673505
"HMDB0011130"	"CHEBI:75036"	"C18:0 LPE"	1.63107251276253	0.0172497101135623
"HMDB0011131"	"CHEBI:75550"	"C18:0 MAG"	0.514916530926271	0.176192228217329
"HMDB0011210"	"CHEBI:86232"	"C34:2 PC plasmalogen"	0.851796469475326	0.291187303250918
"HMDB0011212"	"CHEBI:89979"	"C34:4 PC plasmalogen"	1.12911614915038	0.281769745325375
"HMDB0011220"	"CHEBI:77292"	"C36:5 PC plasmalogen"	1.6717879452964	0.0387122972380097
"HMDB0011243"	"CHEBI:86241"	"C36:2 PC plasmalogen"	1.66082227244792	0.0131561422987979
"HMDB0011252"	"CHEBI:89953"	"C38:4 PC plasmalogen"	4.569965843976	0.000406359011531795
"HMDB0011310"	"CHEBI:89457"	"C36:4 PC plasmalogen"	2.61449636823491	0.0241347137909818
"HMDB0011503"	"CHEBI:73004"	"C16:0 LPE"	0.807499178162523	0.0892184469023083
"HMDB0011506"	"CHEBI:74971"	"C18:1 LPE"	0.990718355014312	0.0155224221949014
"HMDB0011507"	"CHEBI:83058"	"C18:2 LPE"	1.31875680100161	0.214573748290653
"HMDB0011511"	"CHEBI:131690"	"C20:0 LPE"	0.394247876641622	0.0325532995926671
"HMDB0011517"	"CHEBI:64395"	"C20:4 LPE"	0.356830198644948	0.726306811629928
"HMDB0011526"	"CHEBI:72747"	"C22:6 LPE"	-1.19133675221097	0.0811207287935493
"HMDB0011621"	"CHEBI:68616"	"cinnamoylglycine"	-3.3046753149859	0.0361491323461512
"HMDB0011697"	"CHEBI:83360"	"C24:0 SM"	1.52898487719273	0.0307355555077798
"HMDB0011718"	"CHEBI:17597"	"4-hydroxybenzaldehyde"	0.328323987126929	0.319692265725616
"HMDB0012097"	"CHEBI:64486"	"C14:0 SM"	2.52659583105908	0.0106735424698768
"HMDB0012101"	"CHEBI:84487"	"C18:1 SM"	1.06873394528801	0.203180980939886
"HMDB0012102"	"CHEBI:83359"	"C20:0 SM"	1.14646445097189	0.129746652231246
"HMDB0012103"	"CHEBI:74532"	"C22:0 SM"	1.30984716735204	0.0241812095800888
"HMDB0012104"	"CHEBI:74533"	"C22:1 SM"	1.9872948874352	0.00895750579531659
"HMDB0012107"	"CHEBI:74535"	"C24:1 SM"	1.6209226515143	0.00188000826100423
"HMDB0012252"	"CHEBI:64032"	"linoleoylethanolamide"	0.00863668907685877	0.990387958380464
"HMDB0012252"	"CHEBI:64032"	"linoleoyl ethanolamide"	0.0808181498514458	0.916209917505809
"HMDB0013122"	"CHEBI:133662"	"C18:1 LPC plasmalogen"	3.40645182671428	0.000299247910271132
"HMDB0013222"	"CHEBI:15968"	"beta-guanidinopropionic acid"	0.194494783220563	0.722309182911835
"HMDB0013253"	"CHEBI:28483"	"N-acetylhistamine"	0.15880667253111	0.84719938717566
"HMDB0013287"	"CHEBI:172425"	"N6,N6-dimethyllysine"	0.820393216767581	0.228642108074348
"HMDB0013288"	"CHEBI:70997"	"C9 carnitine"	0.171334334592697	0.928338303656947
"HMDB0013326"	"CHEBI:89717"	"C12:1 carnitine"	0.473805644226641	0.758921453280879
"HMDB0013622"	"CHEBI:83051"	"10-nonadecenoate"	0.463299138047137	0.247503861863535
"HMDB0013716"	"CHEBI:28804"	"2-aminoheptanoic acid"	-0.175997540071053	0.653950605725417
"HMDB0013733"	"CHEBI:34039"	"trimethylbenzene"	0.269489683376577	0.355713005658453
"HMDB0014420"	"CHEBI:48416"	"olmesartan"	-0.303659169767018	0.591998441146657
"HMDB0014611"	"CHEBI:15854"	"quinine"	1.49070555965486	0.440796932643462
"HMDB0015052"	"CHEBI:6909"	"metronidazole"	0.408662277279136	0.377744335746266
"HMDB0015070"	"CHEBI:7862"	"oxymetazoline"	-0.751676794900723	0.469407996818013
"HMDB0015371"	"CHEBI:5296"	"gemfibrozil"	0.607453029814002	0.510401433078801
"HMDB0029377"	"CHEBI:28821"	"piperine"	0.799200589893495	0.477190164955618
"HMDB0029416"	"CHEBI:28229"	"NMMA"	0.38136461661939	0.424136916648855
"HMDB0029723"	"CHEBI:32111"	"saccharin"	1.81561796343066	0.103432061922979
"HMDB0029723"	"CHEBI:32111"	"saccharin"	2.59735163193784	0.00778348974535103
"HMDB0029757"	"CHEBI:16667"	"4-hydroxybenzeneacetonitrile"	-0.485145640994965	0.6035820489882
"HMDB0030180"	"CHEBI:16587"	"crustecdysone"	3.32259281893898	0.0313371774765482
"HMDB0032055"	"CHEBI:16437"	"N-acetylhistidine"	-0.594524178041869	0.316004596643168
"HMDB0033585"	"CHEBI:83501"	"acesulfame"	4.2937504978946	0.0267143358789845
"HMDB0035665"	"CHEBI:91151"	"1.2.3.4-tetrahydro-beta-carboline-1.3-dicarboxylate"	1.00077812848046	0.280772525475192
"HMDB0059655"	"CHEBI:17084"	"2-hydroxyglutarate"	-0.134179842860359	0.728279547957409
"HMDB0060038"	"CHEBI:75094"	"10-heptadecenoate"	0.51132746968614	0.316191133205435
